runnumber,founders,chattiness,nummembers,intimacystrength,policy,totalmembershipstrength,dropouts,totalcomments,mycommentsofturtle0,id,ms,nc,ms_gini,ms_se_gini,nc_gini,nc_se_gini
6,2,.1,700,1,"none",5377543,2,71367,0,1,31.85818,259,.1603073,.0072416,.3384438,.0092722
2,2,.1,700,1,"none",5344911,2,71007,0,1,32.38054,231,.1633925,.0072484,.3394717,.0092872
3,2,.1,700,1,"none",5379167,2,71287,0,1,23.6844,200,.1622832,.0072648,.3380539,.0093195
4,2,.1,700,1,"none",5314331,4,71033,0,1,30.50559,217,.162911,.0074141,.3351229,.0092241
7,2,.1,700,1,"none",5359445,3,71084,0,1,23.25999,190,.1653497,.0076091,.3393591,.0093154
8,2,.1,700,1,"none",5378521,1,71209,0,1,38.86977,229,.1588377,.0073928,.3376346,.0092507
5,2,.1,700,1,"none",5342522,2,71033,0,1,29.20671,235,.15797,.0071543,.3368078,.0092008
1,2,.1,700,1,"none",5371883,4,71290,0,1,17.66743,197,.1678856,.0077129,.3391166,.009344
9,2,.1,700,1,"none",5351450,0,70946,0,1,22.03956,187,.159298,.007109,.3351502,.0092862
11,2,.1,700,1,"none",5317010,3,70770,0,1,28.29379,208,.1566626,.0075701,.336117,.0091926
13,2,.1,700,1,"none",5201859,6,69723,0,1,25.16364,182,.1682623,.0077469,.3374091,.0092922
10,2,.1,700,1,"none",5392753,0,71415,0,1,26.67763,178,.1593304,.0071246,.3406033,.0092151
12,2,.1,700,1,"none",5349867,3,70895,0,1,31.16071,214,.1592179,.007457,.3357099,.0092205
14,2,.1,700,1,"none",5363402,0,71261,0,1,30.81966,217,.1591994,.0073451,.3358654,.0093056
15,2,.1,700,1,"none",5356648,2,71133,0,1,26.15895,190,.1587911,.0072443,.3378484,.0092409
16,2,.1,700,1,"none",5308029,2,70620,0,1,26.34121,202,.164083,.0074643,.3391946,.0093575
17,2,.1,700,1,"none",5381551,3,71297,0,1,29.62741,199,.1609055,.0076002,.3370736,.0092603
18,2,.1,700,1,"none",5364613,1,71140,0,1,29.92603,221,.1601568,.0073412,.3389105,.0092219
19,2,.1,700,1,"none",5370107,3,71097,0,1,24.65895,225,.1618563,.0072709,.3367443,.0093184
21,2,.1,700,1,"none",5381973,4,71470,0,1,30.59615,230,.1615887,.0075768,.3356495,.0093088
20,2,.1,700,1,"none",5379320,2,71665,0,1,28.62526,193,.1604283,.0073609,.3363896,.00918
22,2,.1,700,1,"none",5336084,5,71124,0,1,28.74749,237,.1644651,.0077993,.3357051,.0093784
23,2,.1,700,1,"none",5337897,3,70983,0,1,25.2052,183,.1616797,.0074603,.3364538,.0092882
24,2,.1,700,1,"none",5340118,1,71009,0,1,24.5133,203,.1585511,.0072595,.338806,.0092338
25,2,.1,700,1,"engage",8223264,0,71735,37182,1,41.31669,206,.1477373,.0073475,.3361243,.0093437
26,2,.1,700,1,"engage",8253512,0,72037,37247,1,55.04082,216,.144049,.0071709,.3373593,.0092088
27,2,.1,700,1,"engage",8153681,0,71204,36848,1,50.1431,221,.1441175,.0072217,.3356359,.0092841
30,2,.1,700,1,"engage",8132738,0,71037,36913,1,50.98256,216,.1469976,.0072493,.3330864,.0093096
29,2,.1,700,1,"engage",8131027,0,71179,36767,1,39.80662,192,.1466022,.0073024,.3390242,.0093348
28,2,.1,700,1,"engage",8226468,0,71683,37245,1,43.7875,227,.1439012,.0073325,.3364494,.0092222
31,2,.1,700,1,"engage",8151532,0,71010,36859,1,43.95338,250,.1444079,.0073408,.3371056,.0092724
32,2,.1,700,1,"engage",8096489,0,70571,36765,1,44.86811,223,.1459443,.0073803,.3368,.0092522
33,2,.1,700,1,"engage",8226333,0,71721,37190,1,39.89005,193,.1457237,.0072165,.3391475,.0092477
34,2,.1,700,1,"engage",8243063,0,71844,37170,1,47.73768,218,.1469043,.0073094,.3386455,.0093021
35,2,.1,700,1,"engage",8252612,0,71985,37113,1,56.0052,211,.1439893,.0073844,.3369865,.0092284
36,2,.1,700,1,"engage",8212827,0,71542,37066,1,41.07903,220,.1467948,.0074136,.3401987,.0092671
37,2,.1,700,1,"engage",8168051,0,71247,37006,1,45.78476,230,.1449425,.0072217,.3360621,.0092607
38,2,.1,700,1,"engage",8229766,0,72017,37085,1,41.68824,235,.1472249,.0072424,.335913,.0092815
39,2,.1,700,1,"engage",8220738,0,71684,37066,1,43.84055,206,.1475548,.0072028,.3391963,.0093675
41,2,.1,700,1,"engage",8184726,0,71114,36950,1,44.21292,204,.1513204,.0075121,.3386564,.0094405
40,2,.1,700,1,"engage",8197004,0,71538,37057,1,47.70198,199,.1466534,.0072979,.3334703,.0093646
42,2,.1,700,1,"engage",8182434,0,71622,36924,1,41.72708,221,.1443252,.0072728,.3351194,.0093039
43,2,.1,700,1,"engage",8160410,0,70860,36859,1,43.6473,208,.1441548,.0073608,.3359866,.0093705
44,2,.1,700,1,"engage",8199958,0,71526,37049,1,44.11324,182,.1463315,.0072541,.3346815,.0093614
46,2,.1,700,1,"engage",8159693,0,71280,36825,1,47.38224,220,.1477348,.0074162,.3358955,.0094189
45,2,.1,700,1,"engage",8222075,0,71711,37181,1,46.14775,215,.1502735,.0072179,.3376919,.0093153
47,2,.1,700,1,"engage",8157450,0,70842,36975,1,44.92625,223,.1484317,.007273,.3398191,.0094875
48,2,.1,700,1,"engage",8187777,0,71485,36912,1,38.50245,191,.1443546,.0073591,.3374748,.0092763
50,2,.1,700,5,"none",5277609,7,70711,0,1,61.39169,406,.207061,.0089305,.3789599,.0108004
49,2,.1,700,5,"none",5328891,6,71144,0,1,68.31609,392,.2069199,.0090276,.3803306,.0109702
51,2,.1,700,5,"none",5348515,7,71768,0,1,54.62476,370,.2061278,.0089158,.3798677,.010872
52,2,.1,700,5,"none",5410429,1,71684,0,1,55.11629,483,.1983677,.0084831,.3779079,.0107686
54,2,.1,700,5,"none",5373510,5,71335,0,1,49.54077,382,.2091461,.0089908,.3854303,.0108728
53,2,.1,700,5,"none",5359922,8,71645,0,1,56.74076,354,.2142706,.0092882,.3795004,.0108512
55,2,.1,700,5,"none",5422656,3,71965,0,1,53.55853,373,.2036815,.0087381,.3768879,.0109297
56,2,.1,700,5,"none",5403968,4,71832,0,1,57.80964,387,.2021923,.0086565,.3781932,.0106532
57,2,.1,700,5,"none",5337259,7,71507,0,1,55.39383,378,.2097042,.0090954,.3827449,.0109245
61,2,.1,700,5,"none",5242094,12,70533,0,1,56.14669,350,.2142669,.0092327,.3793832,.0109813
59,2,.1,700,5,"none",5318096,7,71240,0,1,46.06084,370,.213416,.0090005,.3817668,.0108386
60,2,.1,700,5,"none",5433227,1,72086,0,1,58.52836,411,.2001587,.0084246,.3753416,.0108049
62,2,.1,700,5,"none",5396007,5,71882,0,1,55.26599,381,.2044038,.0087697,.379514,.010833
58,2,.1,700,5,"none",5396450,3,71834,0,1,51.69484,378,.200591,.0085155,.3809823,.0107442
63,2,.1,700,5,"none",5347771,6,71650,0,1,57.10149,354,.1994202,.0088976,.3762675,.0107145
64,2,.1,700,5,"none",5419162,1,71899,0,1,53.96867,374,.1980817,.0086184,.3775524,.0106355
65,2,.1,700,5,"none",5345570,5,71060,0,1,56.60589,372,.1940391,.0086555,.3706099,.010661
66,2,.1,700,5,"none",5332082,4,71226,0,1,53.65807,384,.2066838,.0090139,.3823457,.0111059
67,2,.1,700,5,"none",5391231,5,71599,0,1,43.14655,337,.2005495,.0087792,.3801692,.0107427
68,2,.1,700,5,"none",5353680,9,71938,0,1,58.30401,361,.2167975,.0088444,.3869497,.0104632
69,2,.1,700,5,"none",5378713,5,71921,0,1,56.6884,473,.1986768,.0087816,.3766825,.0106512
71,2,.1,700,5,"none",5355202,5,71174,0,1,55.92695,388,.2081197,.0088799,.380172,.0106988
70,2,.1,700,5,"none",5442163,2,72038,0,1,48.97102,341,.1959693,.0088484,.3786619,.0106342
72,2,.1,700,5,"none",5308045,6,70953,0,1,52.23971,371,.2084073,.0089818,.3831969,.0106143
73,2,.1,700,5,"engage",8276891,0,71913,37675,1,73.0506,370,.1715614,.0079622,.3769596,.0108939
74,2,.1,700,5,"engage",8292277,0,71922,37913,1,68.36941,365,.1780274,.0081698,.3862319,.0108891
75,2,.1,700,5,"engage",8384565,0,72624,38321,1,68.73401,355,.1856791,.0082238,.3933158,.0108624
76,2,.1,700,5,"engage",8339580,0,72157,37851,1,41.30283,195,.1779765,.0079989,.3807131,.0106283
77,2,.1,700,5,"engage",8346976,0,72216,38136,1,74.94468,382,.1749188,.0078265,.3850758,.010484
78,2,.1,700,5,"engage",8280782,0,71924,37699,1,78.1368,373,.1671152,.0078682,.3691206,.0106811
79,2,.1,700,5,"engage",8302282,0,72071,37906,1,66.46704,364,.1797318,.0078926,.383646,.0105652
80,2,.1,700,5,"engage",8322095,0,72326,37941,1,76.38712,385,.1692216,.0079494,.3737475,.0106949
81,2,.1,700,5,"engage",8329202,0,72131,37895,1,68.19918,363,.1740484,.0080588,.3767439,.0105256
82,2,.1,700,5,"engage",8281255,0,71760,37663,1,70.30621,373,.166607,.0079108,.3700016,.0109258
83,2,.1,700,5,"engage",8250734,0,71763,37488,1,76.96593,370,.1715495,.0078888,.3738909,.0107516
84,2,.1,700,5,"engage",8280213,0,71779,37791,1,72.13071,373,.1775142,.0081086,.3831208,.0109401
85,2,.1,700,5,"engage",8310460,0,71972,37924,1,75.693,391,.1752037,.0080657,.3791326,.0108887
86,2,.1,700,5,"engage",8302310,0,72150,37899,1,78.87347,373,.177869,.007939,.3765651,.0106693
88,2,.1,700,5,"engage",8299870,0,71961,37798,1,70.11932,351,.1754425,.0078355,.3782945,.0108037
87,2,.1,700,5,"engage",8361080,0,72391,38066,1,72.6248,380,.1740992,.0078683,.3781786,.0105957
89,2,.1,700,5,"engage",8305596,0,71999,37840,1,71.22671,354,.175692,.0080962,.3830898,.0108472
90,2,.1,700,5,"engage",8294770,0,71804,37815,1,69.48812,370,.1795656,.007867,.385388,.0107086
91,2,.1,700,5,"engage",8301001,0,72088,37816,1,73.05492,370,.172809,.0081479,.3727853,.0111189
92,2,.1,700,5,"engage",8324853,0,72131,37867,1,75.36755,376,.1717764,.0079937,.3753797,.0107848
93,2,.1,700,5,"engage",8280133,0,71754,37606,1,72.35658,399,.1765711,.0079534,.3837852,.0107084
94,2,.1,700,5,"engage",8312178,0,71907,38098,1,65.33012,371,.1790723,.0080687,.3842929,.0105442
95,2,.1,700,5,"engage",8385858,0,72764,37909,1,72.77951,391,.173229,.0078785,.3781965,.0107885
98,2,.1,700,11,"none",5129755,27,69717,0,1,53.76301,353,.3127356,.0093687,.4504749,.0096026
97,2,.1,700,11,"none",5331641,18,71591,0,1,51.5401,354,.3041177,.0089109,.450508,.0094031
96,2,.1,700,5,"engage",8272928,0,71921,37659,1,72.24614,368,.1680496,.0078646,.3700656,.0107852
99,2,.1,700,11,"none",5016081,38,68927,0,1,44.07728,304,.3290744,.009791,.4518477,.0091744
100,2,.1,700,11,"none",5262533,21,71263,0,1,47.82069,330,.3125194,.0090028,.4542791,.0091674
101,2,.1,700,11,"none",5200420,27,70304,0,1,36.10459,319,.3290906,.0089919,.461107,.0091927
102,2,.1,700,11,"none",5101342,32,69749,0,1,55.61765,377,.3264754,.0092647,.4579322,.0090834
103,2,.1,700,11,"none",5020255,39,68995,0,1,52.89022,326,.3356106,.0097261,.4544323,.00959
104,2,.1,700,11,"none",4970964,39,68767,0,1,50.52821,347,.3303652,.0098586,.4513046,.0094579
105,2,.1,700,11,"none",5170495,30,70300,0,1,41.23742,333,.3185178,.0094849,.4556542,.0092065
107,2,.1,700,11,"none",5292384,18,71130,0,1,47.89095,348,.3043128,.0086203,.4540537,.0091294
108,2,.1,700,11,"none",5235072,19,70871,0,1,47.88126,363,.3117248,.0090708,.4539306,.0096721
109,2,.1,700,11,"none",5141997,27,70036,0,1,44.63387,356,.3096783,.0093289,.4468915,.0098228
106,2,.1,700,11,"none",5073197,29,69086,0,1,51.39095,342,.3235959,.0092101,.4556866,.0092664
110,2,.1,700,11,"none",5126568,29,70083,0,1,47.7888,334,.3181863,.0094408,.4505205,.0094627
111,2,.1,700,11,"none",5186715,24,70592,0,1,57.84139,352,.3109323,.0091721,.4500277,.0095469
112,2,.1,700,11,"none",5136730,27,69825,0,1,47.2443,349,.3212536,.0093713,.4558319,.0095837
113,2,.1,700,11,"none",5122182,33,69864,0,1,49.7381,327,.3194022,.0096504,.4541592,.0096746
114,2,.1,700,11,"none",4990168,35,68720,0,1,45.39595,346,.3304029,.0094539,.4552791,.0091252
115,2,.1,700,11,"none",4917476,36,68202,0,1,54.04984,323,.3263378,.0099083,.4533938,.0094977
116,2,.1,700,11,"none",5194234,20,70320,0,1,46.39378,313,.3082984,.0091626,.4479957,.0093586
117,2,.1,700,11,"none",5209949,21,70664,0,1,53.66336,378,.3214426,.0089534,.4566753,.0090735
118,2,.1,700,11,"none",5157961,24,70379,0,1,40.56778,329,.3102011,.0092328,.447868,.0091654
119,2,.1,700,11,"none",5198596,24,70705,0,1,46.76612,346,.3101769,.009505,.4502341,.009404
120,2,.1,700,11,"none",5114371,28,69772,0,1,51.58544,338,.320217,.0093881,.4556457,.0093073
121,2,.1,700,11,"engage",8495098,0,72646,39863,1,71.05799,367,.2446959,.0075033,.4525081,.0089
123,2,.1,700,11,"engage",8556411,0,73102,40000,1,72.48547,318,.2462786,.0074784,.4535308,.008903
122,2,.1,700,11,"engage",8602280,0,73308,40327,1,77.49949,368,.2449893,.0073207,.4557981,.0088248
124,2,.1,700,11,"engage",8473025,0,72591,39484,1,68.92611,351,.2338534,.0074366,.4415237,.0095851
126,2,.1,700,11,"engage",8530573,0,72714,39971,1,74.15553,361,.2381396,.0074475,.4489629,.009351
127,2,.1,700,11,"engage",8541537,0,72823,40019,1,66.4323,339,.2422427,.0075701,.4516361,.0091048
125,2,.1,700,11,"engage",8497609,1,72657,39801,1,71.63648,334,.2413528,.0075859,.4449038,.0092445
128,2,.1,700,11,"engage",8573971,0,72954,40211,1,57.57317,251,.2482768,.0075436,.4596114,.0091591
129,2,.1,700,11,"engage",8546443,0,72965,39977,1,61.59055,362,.2468752,.0072754,.451481,.0091294
130,2,.1,700,11,"engage",8461061,0,72363,39686,1,86.33189,385,.2297648,.0078518,.4416726,.0097633
131,2,.1,700,11,"engage",8535624,0,73024,39937,1,63.87203,321,.2438117,.0074264,.4528732,.0091935
132,2,.1,700,11,"engage",8551826,0,72680,40164,1,71.25416,334,.2466001,.0074786,.4557348,.0088599
133,2,.1,700,11,"engage",8510727,0,72568,39784,1,66.93789,332,.2455527,.0072975,.4543795,.0090281
134,2,.1,700,11,"engage",8500073,0,72599,39855,1,66.26939,326,.238666,.0076365,.4488339,.0094328
135,2,.1,700,11,"engage",8496593,0,72776,39683,1,60.71626,320,.2340348,.0077946,.4442005,.0093476
136,2,.1,700,11,"engage",8542143,0,72961,40020,1,71.87196,360,.2413337,.0074348,.45031,.0091279
137,2,.1,700,11,"engage",8444444,0,72012,39910,1,67.74575,348,.2416156,.0075525,.4492553,.0091011
138,2,.1,700,11,"engage",8521547,0,72657,39817,1,74.74172,353,.2366539,.0078213,.4479154,.0097524
139,2,.1,700,11,"engage",8529103,0,72560,39949,1,69.33096,328,.2377593,.0075975,.4497187,.0093143
140,2,.1,700,11,"engage",8502744,0,72663,39801,1,48.24199,229,.2445829,.0076544,.4506815,.0093376
141,2,.1,700,11,"engage",8484011,0,72711,39821,1,58.319,363,.2299999,.0076569,.4405316,.0090623
142,2,.1,700,11,"engage",8505391,0,72851,39944,1,86.20119,381,.2399251,.0077207,.4458441,.0092587
144,2,.1,700,11,"engage",8495681,0,72330,39844,1,67.1204,351,.2376898,.0075237,.4500743,.009242
143,2,.1,700,11,"engage",8532413,0,72918,39938,1,60.96279,331,.2430781,.0075818,.4502947,.0088654
145,2,.1,700,1,"onboard",5436469,0,71276,696,1,29.7941,194,.1564417,.0068801,.3371415,.0092999
146,2,.1,700,1,"onboard",5466717,0,71664,696,1,21.20392,183,.1531933,.006721,.3373965,.009245
147,2,.1,700,1,"onboard",5435703,0,71305,696,1,27.70723,191,.1539209,.0069778,.3345055,.0093162
148,2,.1,700,1,"onboard",5461334,0,71668,696,1,28.9462,190,.1537149,.0067783,.3352924,.0092698
149,2,.1,700,1,"onboard",5422263,1,71413,696,1,36.4019,247,.1562032,.0070036,.3379518,.009274
150,2,.1,700,1,"onboard",5481769,0,71765,696,1,25.41677,193,.1552302,.0067318,.3368448,.0093351
151,2,.1,700,1,"onboard",5447457,0,71183,696,1,25.55599,189,.1576578,.0069494,.3388649,.0093111
153,2,.1,700,1,"onboard",5412857,2,71103,696,1,33.86963,227,.154173,.007231,.3374684,.0092755
152,2,.1,700,1,"onboard",5456356,1,71559,696,1,23.64164,205,.1570239,.0069418,.3389502,.009272
154,2,.1,700,1,"onboard",5453227,0,71645,696,1,29.07469,199,.156906,.0069836,.3364379,.0093138
155,2,.1,700,1,"onboard",5389490,2,70651,696,1,28.69382,179,.1579766,.0072923,.3387012,.0093616
156,2,.1,700,1,"onboard",5449434,0,71419,696,1,26.73144,214,.1532498,.0066364,.340718,.0091817
158,2,.1,700,1,"onboard",5472286,0,71695,696,1,26.86921,185,.1547148,.0068889,.3377828,.0093139
157,2,.1,700,1,"onboard",5485266,0,71790,696,1,25.89735,223,.1551557,.0066512,.3380625,.0093018
159,2,.1,700,1,"onboard",5504123,0,71833,696,1,31.45021,224,.1537753,.006778,.3388074,.0092845
160,2,.1,700,1,"onboard",5454610,1,71458,696,1,24.78188,185,.1564685,.006981,.3364778,.0093856
162,2,.1,700,1,"onboard",5490058,0,72022,696,1,32.99854,288,.1551003,.0069145,.3363802,.0093635
163,2,.1,700,1,"onboard",5405118,2,71193,696,1,29.2031,198,.1548154,.0068388,.3376857,.0090921
164,2,.1,700,1,"onboard",5419532,2,71498,696,1,31.04168,201,.1574275,.007107,.3351077,.0092873
161,2,.1,700,1,"onboard",5418371,1,71006,696,1,27.92958,192,.1589794,.006915,.3371485,.009268
165,2,.1,700,1,"onboard",5402922,1,70853,696,1,27.74135,205,.1555653,.0069336,.3368749,.0093137
166,2,.1,700,1,"onboard",5444460,1,71191,696,1,29.3423,219,.1552567,.0071051,.3393092,.0093628
167,2,.1,700,1,"onboard",5401680,2,71251,696,1,30.75326,207,.1579047,.0071453,.3334439,.0093171
168,2,.1,700,1,"onboard",5440715,2,71593,696,1,29.6301,216,.1577382,.0070792,.3372481,.0092414
169,2,.1,700,1,"both",8210299,0,70940,37578,1,44.24985,221,.1454125,.0069544,.3412369,.0092046
170,2,.1,700,1,"both",8184209,0,70920,37393,1,36.67816,198,.1445065,.0072076,.3356717,.0093331
171,2,.1,700,1,"both",8341271,0,72293,37867,1,43.49887,223,.1453997,.0070843,.3386067,.0092958
172,2,.1,700,1,"both",8225398,0,71280,37571,1,41.25649,196,.1411846,.0069837,.3387008,.0092226
173,2,.1,700,1,"both",8267126,0,71717,37832,1,50.12947,225,.1450081,.0072276,.338585,.009321
174,2,.1,700,1,"both",8266400,0,71650,37768,1,53.44117,240,.1452828,.0068729,.3389559,.009337
175,2,.1,700,1,"both",8290835,0,71869,37876,1,51.52602,205,.1425069,.0069944,.3375499,.0091878
176,2,.1,700,1,"both",8263693,0,71138,37690,1,41.54355,207,.1437062,.0069241,.3393044,.0093168
177,2,.1,700,1,"both",8235139,0,71212,37624,1,45.84396,276,.1438108,.0069333,.3392847,.0093529
178,2,.1,700,1,"both",8252874,0,71146,37698,1,51.32806,206,.1444797,.0070814,.3415995,.0093014
179,2,.1,700,1,"both",8220713,0,71350,37656,1,43.07465,200,.1415719,.0071399,.3349392,.0092584
181,2,.1,700,1,"both",8261730,0,71550,37749,1,41.51348,201,.1442696,.0070843,.3360269,.0094122
182,2,.1,700,1,"both",8220516,0,71543,37572,1,42.942,192,.1439626,.0070241,.3353716,.0092586
180,2,.1,700,1,"both",8270839,0,71692,37793,1,47.00636,275,.1466336,.0069199,.3417471,.0093459
183,2,.1,700,1,"both",8277188,0,71713,37872,1,40.07268,203,.1445301,.007241,.3388573,.0092981
184,2,.1,700,1,"both",8249727,0,71164,37783,1,36.02582,201,.1432449,.0072094,.3382857,.009436
185,2,.1,700,1,"both",8257862,0,71302,37786,1,50.21348,306,.1460438,.0071046,.3407736,.0095081
186,2,.1,700,1,"both",8236571,0,71327,37664,1,44.41518,193,.1401974,.0070013,.3365985,.009184
187,2,.1,700,1,"both",8257458,0,71556,37796,1,41.22,187,.1383262,.0070611,.33937,.0091617
188,2,.1,700,1,"both",8259874,0,71526,37817,1,39.55527,198,.1455785,.0071613,.3369119,.0093777
189,2,.1,700,1,"both",8321233,0,71905,37861,1,35.33612,157,.1418717,.0071439,.3390591,.0093322
190,2,.1,700,1,"both",8307640,0,71846,37906,1,47.82667,242,.1428561,.0071342,.3384545,.0092392
191,2,.1,700,1,"both",8205660,0,70918,37483,1,44.40016,188,.1404867,.0071202,.3353088,.0093506
192,2,.1,700,1,"both",8243467,0,71535,37666,1,45.02287,211,.1451316,.0070989,.336076,.0093747
193,2,.1,700,5,"onboard",5512403,2,72461,696,1,46.39275,355,.194638,.0081277,.3793514,.0106381
194,2,.1,700,5,"onboard",5441523,4,71701,696,1,48.78893,351,.1879614,.0082404,.3691107,.010588
195,2,.1,700,5,"onboard",5440405,3,71638,696,1,55.65007,373,.2011424,.0087063,.3815756,.010805
196,2,.1,700,5,"onboard",5485923,2,71824,696,1,56.94436,402,.1873197,.0082841,.3751143,.0107694
197,2,.1,700,5,"onboard",5532484,0,72301,696,1,53.7031,353,.1986895,.0082546,.3845588,.0105537
199,2,.1,700,5,"onboard",5450450,3,71559,696,1,57.69575,369,.1979827,.0084434,.3812451,.0106304
198,2,.1,700,5,"onboard",5518507,0,72184,696,1,51.38827,370,.1930596,.0082584,.3809795,.0108596
200,2,.1,700,5,"onboard",5472002,3,71906,696,1,51.01634,398,.1824362,.0080448,.3640947,.0106116
201,2,.1,700,5,"onboard",5390412,4,70929,696,1,41.23779,301,.2093707,.0084609,.3864058,.010759
202,2,.1,700,5,"onboard",5428356,4,71895,696,1,55.32346,354,.2019132,.0083274,.3829978,.0108147
203,2,.1,700,5,"onboard",5496305,3,72013,696,1,48.0683,367,.2027478,.0085278,.3860331,.0109783
204,2,.1,700,5,"onboard",5533247,0,72446,696,1,53.11804,358,.1965186,.0082414,.3852266,.0107288
205,2,.1,700,5,"onboard",5409623,4,71432,696,1,43.7127,306,.1942517,.0085652,.3735475,.0109852
206,2,.1,700,5,"onboard",5357511,6,70973,696,1,58.88396,447,.2026928,.0086713,.380002,.0108669
208,2,.1,700,5,"onboard",5482266,2,72144,696,1,52.08169,387,.193202,.0082509,.3746355,.0107841
207,2,.1,700,5,"onboard",5394151,4,71273,696,1,53.46616,341,.1944124,.0085259,.3758117,.0108972
209,2,.1,700,5,"onboard",5446440,2,71503,696,1,52.0254,366,.1989231,.0083786,.3793476,.010822
210,2,.1,700,5,"onboard",5506284,2,72250,696,1,53.58098,381,.1991654,.0081777,.3830284,.0104767
211,2,.1,700,5,"onboard",5476405,1,71746,696,1,56.90493,387,.1929711,.0082022,.3789248,.0106793
212,2,.1,700,5,"onboard",5417300,2,71316,696,1,49.36626,356,.1989277,.0081972,.3807206,.0107541
213,2,.1,700,5,"onboard",5497020,1,71754,696,1,52.40444,360,.195999,.0081802,.3806186,.0108018
214,2,.1,700,5,"onboard",5512821,0,71971,696,1,54.16796,363,.1826186,.0080164,.3701195,.0105401
215,2,.1,700,5,"onboard",5447526,2,71730,696,1,49.76065,369,.1966034,.0081308,.3742904,.0108734
217,2,.1,700,5,"both",8390303,0,72112,38567,1,70.68987,382,.1714878,.0078853,.3760169,.0109825
218,2,.1,700,5,"both",8386865,0,71815,38779,1,75.72905,380,.1754902,.0078292,.3852786,.0109055
219,2,.1,700,5,"both",8332943,0,71800,38526,1,71.43032,369,.1659776,.0076711,.3765093,.0106797
220,2,.1,700,5,"both",8376685,0,72199,38551,1,71.05867,390,.1689153,.0076469,.377204,.0106239
216,2,.1,700,5,"onboard",5491228,2,71926,696,1,45.23082,333,.2004063,.0081396,.3864048,.0107447
221,2,.1,700,5,"both",8402757,0,72391,38678,1,66.66084,352,.169906,.0077731,.3783142,.0109093
222,2,.1,700,5,"both",8345217,0,71872,38376,1,73.79169,390,.1688403,.0075923,.3745752,.0108743
223,2,.1,700,5,"both",8346981,0,71986,38494,1,93.81547,481,.1757102,.0079282,.379129,.0107697
224,2,.1,700,5,"both",8323192,0,71709,38516,1,76.17976,347,.1714828,.0078015,.3803895,.0104364
225,2,.1,700,5,"both",8333490,0,71847,38341,1,66.95003,343,.1724967,.0077026,.3772135,.0105778
227,2,.1,700,5,"both",8406806,0,72475,38584,1,65.75217,358,.1743279,.0077815,.3790723,.0106911
226,2,.1,700,5,"both",8398597,0,72338,38505,1,69.99619,376,.1700321,.0077172,.377704,.0106309
228,2,.1,700,5,"both",8442498,0,73109,38681,1,76.86897,371,.1676229,.0077807,.3751391,.0109496
229,2,.1,700,5,"both",8359422,0,72031,38711,1,76.637,365,.1709917,.007959,.3774928,.0107819
230,2,.1,700,5,"both",8372129,0,72183,38563,1,74.17416,368,.1630912,.0076419,.3697789,.0106221
231,2,.1,700,5,"both",8339859,0,71870,38482,1,84.44884,384,.1642978,.0075966,.3717377,.0107548
232,2,.1,700,5,"both",8410254,0,72423,38855,1,76.52666,353,.1751677,.0078367,.383,.0106856
234,2,.1,700,5,"both",8365908,0,72176,38570,1,71.62099,325,.175141,.007792,.3820659,.010768
233,2,.1,700,5,"both",8368316,0,71939,38629,1,61.21084,369,.17908,.0076311,.3873312,.0105794
235,2,.1,700,5,"both",8421989,0,72622,38809,1,39.92982,212,.1692148,.0076036,.3758085,.0106764
236,2,.1,700,5,"both",8347225,0,71923,38504,1,70.96715,329,.1682501,.0077842,.3718386,.0108268
237,2,.1,700,5,"both",8374042,0,72258,38497,1,80.00718,410,.1654178,.0076167,.3694945,.010771
238,2,.1,700,5,"both",8387923,0,72157,38606,1,76.06129,387,.1776509,.007708,.3865566,.0106933
239,2,.1,700,5,"both",8392858,0,72313,38674,1,75.20464,383,.1804347,.0078588,.3855394,.010639
241,2,.1,700,11,"onboard",5356780,16,71411,696,1,56.25032,352,.3016068,.0084967,.4510794,.0091863
242,2,.1,700,11,"onboard",5389349,14,71483,696,1,52.96647,353,.2945544,.0087261,.4509342,.0096538
240,2,.1,700,5,"both",8366548,0,72006,38554,1,70.62895,333,.1666967,.0076792,.3752345,.0105733
243,2,.1,700,11,"onboard",5376092,16,71367,696,1,43.75787,326,.301504,.0087426,.4569945,.0092339
245,2,.1,700,11,"onboard",5433375,9,71889,696,1,56.90014,351,.2817288,.0081848,.4463849,.009478
246,2,.1,700,11,"onboard",5366120,19,71354,696,1,50.30847,346,.3050779,.0085302,.454491,.0093478
244,2,.1,700,11,"onboard",5415485,10,71602,696,1,42.79831,336,.2914792,.0082111,.4526305,.0091719
247,2,.1,700,11,"onboard",5523425,6,72663,696,1,55.17956,370,.2854088,.0079995,.4519756,.0091636
248,2,.1,700,11,"onboard",5329836,16,70780,696,1,53.63517,350,.2941985,.0087137,.4522152,.0094687
251,2,.1,700,11,"onboard",5195176,23,70147,696,1,46.64474,319,.3007137,.0091849,.4447306,.009774
249,2,.1,700,11,"onboard",5400050,13,71749,696,1,51.05222,326,.2937268,.0083001,.4536545,.0091645
250,2,.1,700,11,"onboard",5409665,14,71659,696,1,52.7649,351,.292312,.0083826,.4497691,.0094256
253,2,.1,700,11,"onboard",5254448,22,70365,696,1,52.14072,408,.3164136,.0086769,.4588613,.009286
252,2,.1,700,11,"onboard",5352443,19,71363,696,1,51.17725,373,.3004333,.0087224,.4502299,.0091853
254,2,.1,700,11,"onboard",5404796,9,71768,696,1,52.09196,353,.2873651,.0080133,.4444471,.0095586
255,2,.1,700,11,"onboard",5326781,13,70982,696,1,49.48878,357,.2910373,.0084977,.4463139,.0095972
256,2,.1,700,11,"onboard",5408468,13,71741,696,1,59.4785,386,.2935597,.0083295,.4509036,.0092512
257,2,.1,700,11,"onboard",5303066,15,70787,696,1,39.19706,344,.3017825,.0082367,.4561058,.0090219
259,2,.1,700,11,"onboard",5278550,19,70797,696,1,49.22813,349,.3012909,.0085524,.454053,.00907
258,2,.1,700,11,"onboard",5376128,13,71132,696,1,42.80453,324,.2955847,.0085066,.4547749,.0093084
260,2,.1,700,11,"onboard",5375521,11,71601,696,1,43.53652,331,.3001944,.0080277,.4548573,.0090905
261,2,.1,700,11,"onboard",5407297,11,71999,696,1,47.16988,352,.2946562,.0076507,.4523916,.0085801
263,2,.1,700,11,"onboard",5294661,19,70616,696,1,48.03868,340,.3035402,.0084272,.4531332,.0091162
264,2,.1,700,11,"onboard",5302849,14,70563,696,1,54.4929,343,.2973191,.0089474,.4528753,.0096393
262,2,.1,700,11,"onboard",5431073,9,72020,696,1,48.49905,370,.2850911,.0084325,.4443172,.0096716
265,2,.1,700,11,"both",8575910,0,72609,40569,1,69.94194,336,.2402977,.007371,.4517709,.0092742
266,2,.1,700,11,"both",8565749,0,72422,40349,1,72.55483,342,.2297245,.0076135,.4454566,.0095902
267,2,.1,700,11,"both",8601260,0,73073,40626,1,74.78628,349,.2372167,.0073781,.4519905,.0091721
268,2,.1,700,11,"both",8637491,0,73145,41028,1,69.39615,358,.2368503,.0072547,.4493859,.009091
269,2,.1,700,11,"both",8582541,0,72794,40644,1,93.64423,501,.2361971,.0074376,.449257,.0093254
271,2,.1,700,11,"both",8607903,0,72811,40878,1,66.28587,362,.2287867,.0073632,.4450789,.0091198
270,2,.1,700,11,"both",8590168,0,72673,40785,1,74.38525,365,.2466754,.0071321,.4574781,.0088995
273,2,.1,700,11,"both",8633469,0,73087,40926,1,68.14399,348,.2468636,.0071847,.4588898,.0087756
274,2,.1,700,11,"both",8573073,0,72973,40691,1,76.62392,356,.2326675,.0074294,.4463223,.0090861
275,2,.1,700,11,"both",8623220,0,73233,40769,1,76.10843,355,.2425206,.0071861,.4526185,.008974
272,2,.1,700,11,"both",8559738,0,72777,40372,1,73.86012,371,.2322507,.007511,.4473275,.0095953
276,2,.1,700,11,"both",8601608,0,73120,40792,1,79.32275,369,.2420947,.0074715,.4551101,.009122
277,2,.1,700,11,"both",8605674,0,73097,40795,1,70.66959,307,.2446264,.0073519,.452722,.0094363
278,2,.1,700,11,"both",8609002,0,72924,40887,1,66.54897,334,.241187,.0071426,.4531998,.0089551
279,2,.1,700,11,"both",8588894,0,72828,40785,1,69.48268,341,.2327363,.007318,.4480419,.0093014
280,2,.1,700,11,"both",8527670,0,72514,40292,1,67.93037,355,.2334413,.0073904,.4434021,.0095118
281,2,.1,700,11,"both",8572202,0,72631,40613,1,70.4289,357,.2391762,.0073045,.4502372,.0091378
282,2,.1,700,11,"both",8590956,0,72839,40754,1,63.32114,377,.2356231,.0070663,.4506837,.0091645
283,2,.1,700,11,"both",8538479,0,72347,40657,1,71.29243,340,.2414371,.0073639,.4535459,.0092538
284,2,.1,700,11,"both",8625398,0,72933,40957,1,79.65376,361,.2363316,.0072977,.4509546,.0091964
285,2,.1,700,11,"both",8561450,0,72641,40594,1,65.97456,332,.2421354,.0071917,.4548436,.0089764
286,2,.1,700,11,"both",8563264,0,72676,40524,1,77.40927,365,.2344285,.0074676,.4458584,.0093137
287,2,.1,700,11,"both",8546382,0,72549,40543,1,78.95162,371,.2345172,.007556,.4472625,.0093689
288,2,.1,700,11,"both",8536266,0,72536,40349,1,66.84032,396,.2355814,.007536,.4480125,.0093267
289,2,.15,700,1,"none",6262983,0,83051,0,1,30.21826,254,.1556386,.007306,.3373736,.0093147
290,2,.15,700,1,"none",6230363,1,82420,0,1,29.45407,227,.1581104,.0072122,.3393253,.0093718
292,2,.15,700,1,"none",6272668,0,83199,0,1,28.59259,244,.1524337,.0072206,.3346899,.0092695
291,2,.15,700,1,"none",6329429,0,83796,0,1,35.97068,287,.155909,.007472,.3380511,.0093662
294,2,.15,700,1,"none",6201638,0,82272,0,1,42.13864,238,.1551457,.0072504,.3383224,.0092365
293,2,.15,700,1,"none",6241127,0,82560,0,1,31.86127,226,.1547111,.0072507,.3380596,.0093214
295,2,.15,700,1,"none",6250298,1,83040,0,1,35.51604,271,.1601169,.0073896,.3372492,.0093762
296,2,.15,700,1,"none",6195046,1,81961,0,1,37.10097,319,.1585174,.0073151,.3398274,.0093757
297,2,.15,700,1,"none",6235114,1,82447,0,1,30.10361,246,.1559021,.0072461,.3375193,.0092425
298,2,.15,700,1,"none",6216963,0,82454,0,1,36.06249,246,.1578271,.0072693,.3378447,.0092762
299,2,.15,700,1,"none",6200355,1,82415,0,1,28.40337,216,.159475,.0073367,.336498,.0093259
301,2,.15,700,1,"none",6237753,1,82913,0,1,28.67409,190,.1551686,.0071584,.3349325,.0092902
302,2,.15,700,1,"none",6279227,0,83107,0,1,30.59424,229,.1581692,.0073798,.3346835,.0093864
303,2,.15,700,1,"none",6207543,0,82317,0,1,37.37156,249,.1529109,.0072542,.3374093,.0092803
300,2,.15,700,1,"none",6245347,0,82728,0,1,29.38287,248,.1543444,.007144,.3360451,.0093048
304,2,.15,700,1,"none",6265946,0,83053,0,1,34.79474,248,.1535293,.0069082,.3345075,.0091663
305,2,.15,700,1,"none",6253345,1,82723,0,1,35.66342,259,.1596152,.0072343,.3398403,.0092987
306,2,.15,700,1,"none",6270341,0,83223,0,1,33.95748,321,.1536245,.0070183,.3366899,.0092697
307,2,.15,700,1,"none",6267200,0,82890,0,1,28.83215,252,.1579324,.0072273,.3400552,.0092187
308,2,.15,700,1,"none",6297666,0,83238,0,1,35.14723,234,.1535281,.0070607,.3380842,.0091501
310,2,.15,700,1,"none",6266204,0,82845,0,1,33.04686,246,.1590981,.0071806,.3382391,.0093227
309,2,.15,700,1,"none",6287494,0,83233,0,1,35.24258,318,.1619256,.0074025,.339427,.0094162
312,2,.15,700,1,"none",6268598,0,83048,0,1,37.89901,326,.1533314,.0073345,.3383532,.0092729
311,2,.15,700,1,"none",6220889,0,82476,0,1,37.13749,242,.1533306,.0070375,.3367815,.009136
313,2,.15,700,1,"engage",9363412,0,82568,41352,1,47.7676,257,.1469433,.0071606,.3377277,.0093973
314,2,.15,700,1,"engage",9380760,0,82979,41316,1,42.64862,230,.1412163,.0072152,.3358846,.0092889
315,2,.15,700,1,"engage",9396887,0,82892,41329,1,48.6415,233,.1451193,.0072617,.3375921,.0093082
316,2,.15,700,1,"engage",9366993,0,82493,41326,1,50.03449,227,.1452797,.0072397,.3387555,.0092966
317,2,.15,700,1,"engage",9447043,0,83349,41453,1,47.6421,291,.1429886,.0073005,.3381737,.009282
318,2,.15,700,1,"engage",9436220,0,83438,41613,1,50.07061,222,.1423728,.0072521,.3343402,.0092585
319,2,.15,700,1,"engage",9407051,0,83008,41523,1,48.93413,216,.1434802,.0073863,.3383755,.0093062
320,2,.15,700,1,"engage",9389874,0,82956,41554,1,56.17298,248,.1432183,.0072002,.3377796,.009228
321,2,.15,700,1,"engage",9372390,0,82608,41294,1,54.96423,256,.1430933,.0072944,.3377026,.0093139
322,2,.15,700,1,"engage",9375775,0,83145,41337,1,45.3068,238,.1428861,.0072181,.3344953,.009183
324,2,.15,700,1,"engage",9351633,0,82658,41379,1,56.23717,251,.1400255,.0072916,.3386254,.0091835
323,2,.15,700,1,"engage",9377593,0,82801,41379,1,57.61928,338,.1416472,.0071199,.3403469,.0093275
325,2,.15,700,1,"engage",9385041,0,82982,41506,1,51.53617,265,.1422268,.0072891,.337212,.0092392
326,2,.15,700,1,"engage",9380892,0,82716,41375,1,56.60115,254,.1451232,.0072186,.3410633,.0092846
327,2,.15,700,1,"engage",9400196,0,83078,41524,1,49.49562,259,.1455021,.0073699,.3361224,.0093068
329,2,.15,700,1,"engage",9326566,0,82352,41115,1,55.55147,212,.1432502,.007239,.3376156,.0093085
330,2,.15,700,1,"engage",9442300,0,83237,41726,1,50.37379,239,.1418872,.0072763,.337379,.009236
328,2,.15,700,1,"engage",9399405,0,82695,41403,1,56.2027,228,.1447292,.0074372,.340359,.0093204
331,2,.15,700,1,"engage",9354452,0,82732,41304,1,52.37682,310,.1449217,.0072476,.3399851,.009213
332,2,.15,700,1,"engage",9349152,0,82307,41218,1,52.34977,320,.143929,.0073623,.3397058,.0093598
333,2,.15,700,1,"engage",9289323,0,82051,41104,1,43.75709,231,.1423015,.0073624,.3349926,.0092945
334,2,.15,700,1,"engage",9414495,0,82976,41532,1,43.10075,250,.1439516,.007387,.3370752,.00936
335,2,.15,700,1,"engage",9389904,0,83078,41462,1,55.12495,270,.1452054,.007434,.3365034,.009406
337,2,.15,700,5,"none",6250017,3,83189,0,1,53.89107,396,.2156583,.0089199,.3915255,.0106608
336,2,.15,700,1,"engage",9364095,0,82772,41196,1,53.16025,238,.1421952,.0074547,.3360254,.0093602
339,2,.15,700,5,"none",6359545,1,84283,0,1,68.28001,443,.2266345,.0086738,.4072458,.0103901
338,2,.15,700,5,"none",6363062,1,84331,0,1,54.53109,468,.2191622,.0089433,.3995969,.0107385
340,2,.15,700,5,"none",6330565,1,83787,0,1,55.20813,389,.209368,.0088326,.3911065,.010626
341,2,.15,700,5,"none",6249042,4,83351,0,1,62.62988,412,.2287246,.0090147,.4037714,.0105944
342,2,.15,700,5,"none",6335474,1,83882,0,1,59.576,390,.2046842,.0087818,.3924346,.01094
343,2,.15,700,5,"none",6310884,1,83543,0,1,62.73834,403,.2170555,.0088503,.3947675,.0107419
344,2,.15,700,5,"none",6398883,0,84799,0,1,63.37052,410,.2189968,.0089666,.3987384,.0107583
345,2,.15,700,5,"none",6390340,1,84514,0,1,63.55955,469,.2180604,.0089638,.3991708,.010703
346,2,.15,700,5,"none",6318916,3,83849,0,1,55.14492,432,.222626,.0091414,.4017814,.0107234
348,2,.15,700,5,"none",6317725,1,83925,0,1,60.95937,444,.218937,.0087857,.3959831,.010866
347,2,.15,700,5,"none",6281198,2,83383,0,1,59.76078,406,.2156243,.0090874,.3946926,.0111399
349,2,.15,700,5,"none",6273685,2,83398,0,1,69.44695,415,.2131056,.0088186,.3940658,.0106714
350,2,.15,700,5,"none",6341849,2,84273,0,1,67.21065,448,.2303246,.0089303,.4067377,.010523
351,2,.15,700,5,"none",6332779,0,83887,0,1,66.62669,429,.2290576,.008605,.4078832,.0103264
352,2,.15,700,5,"none",6215039,3,82761,0,1,65.42726,439,.2242036,.0087038,.4018119,.0104036
353,2,.15,700,5,"none",6318292,2,84076,0,1,53.5051,390,.2177984,.0089545,.395935,.010608
354,2,.15,700,5,"none",6398583,0,84411,0,1,56.52039,459,.2135104,.0090348,.3981439,.0109363
355,2,.15,700,5,"none",6342310,0,83820,0,1,61.49363,461,.2167804,.0088454,.3971183,.0106628
357,2,.15,700,5,"none",6346609,1,84368,0,1,55.96452,434,.2118512,.008938,.392954,.0106439
356,2,.15,700,5,"none",6270142,5,83554,0,1,59.2799,379,.2197114,.009035,.3958093,.0107715
358,2,.15,700,5,"none",6306738,0,83672,0,1,62.27624,401,.218522,.0088291,.3973345,.0109158
359,2,.15,700,5,"none",6296686,3,83778,0,1,59.84501,429,.2192684,.0088143,.3977296,.0106775
360,2,.15,700,5,"none",6307464,1,83694,0,1,65.87714,424,.2222177,.0089286,.4024227,.0105779
361,2,.15,700,5,"engage",9653793,0,84709,42868,1,83.67074,473,.1883987,.0081349,.4008452,.0106699
362,2,.15,700,5,"engage",9538236,0,83561,42733,1,79.82479,407,.1953036,.0080712,.4037744,.0106198
363,2,.15,700,5,"engage",9628172,0,84376,42766,1,96.72432,424,.1908003,.0083202,.4033546,.0107734
364,2,.15,700,5,"engage",9624116,0,84078,43034,1,109.1817,631,.1982905,.0082016,.4079635,.0106495
366,2,.15,700,5,"engage",9522489,0,83783,42474,1,95.86551,595,.1871749,.0080247,.394903,.0105906
367,2,.15,700,5,"engage",9604576,0,84054,43212,1,96.99805,450,.1924268,.0084181,.3996143,.0109557
365,2,.15,700,5,"engage",9634907,0,84359,43012,1,78.84331,386,.1868582,.0079977,.3956011,.0106314
368,2,.15,700,5,"engage",9529815,0,83499,42533,1,74.51756,328,.1818951,.008027,.3920514,.0105834
369,2,.15,700,5,"engage",9550600,0,83373,42658,1,83.8243,398,.1932259,.0084376,.4034377,.0107068
370,2,.15,700,5,"engage",9631592,0,84157,43066,1,79.35041,407,.2028657,.0082399,.4123286,.0102625
371,2,.15,700,5,"engage",9560115,0,83804,42624,1,78.32893,415,.1846836,.0081842,.3931827,.0109663
372,2,.15,700,5,"engage",9546187,0,83748,42826,1,84.30273,444,.1857236,.0081407,.3960713,.0109272
373,2,.15,700,5,"engage",9673364,0,84841,43407,1,89.71985,418,.1907198,.0081429,.4025468,.0105413
374,2,.15,700,5,"engage",9585096,0,84285,42681,1,81.55927,412,.1835556,.0081517,.3893502,.0107427
375,2,.15,700,5,"engage",9600455,0,84259,42855,1,76.13447,399,.1877239,.0082961,.3955971,.0108293
376,2,.15,700,5,"engage",9560479,0,83938,42676,1,87.99776,403,.1878537,.0081237,.3973936,.0107866
377,2,.15,700,5,"engage",9628192,0,84313,42929,1,89.19585,428,.195696,.0084003,.405091,.0107846
378,2,.15,700,5,"engage",9575147,0,83890,42606,1,89.11453,456,.1853496,.0082548,.3906773,.0110837
379,2,.15,700,5,"engage",9603349,0,84403,42685,1,79.20356,436,.1839527,.0082478,.3895969,.0114311
380,2,.15,700,5,"engage",9586982,0,83882,42816,1,85.49725,445,.1924695,.0082821,.403297,.0107101
381,2,.15,700,5,"engage",9600683,0,84173,42859,1,90.37485,546,.1873952,.0083125,.4004195,.0110319
382,2,.15,700,5,"engage",9618274,0,84280,42930,1,76.20582,393,.1881244,.0082134,.3940404,.010727
385,2,.15,700,11,"none",6130882,19,82454,0,1,52.6862,380,.3349572,.0081917,.4745556,.0085641
386,2,.15,700,11,"none",6223293,13,83462,0,1,55.67154,371,.3245415,.0078344,.4727312,.008892
384,2,.15,700,5,"engage",9647193,0,84717,42838,1,80.89447,440,.1876182,.0082892,.3920315,.0111029
383,2,.15,700,5,"engage",9630222,0,84389,42819,1,85.36652,434,.1897157,.0083875,.3970665,.0108531
387,2,.15,700,11,"none",6180774,15,83037,0,1,66.47141,409,.3281321,.007843,.4741036,.0085957
388,2,.15,700,11,"none",6030645,22,81675,0,1,60.49155,393,.3405597,.0083431,.4775753,.0086751
389,2,.15,700,11,"none",6048003,25,81984,0,1,54.47145,402,.3424792,.0081837,.4742893,.0083547
390,2,.15,700,11,"none",6270936,13,83771,0,1,53.45873,393,.3289106,.0080006,.4731113,.008874
392,2,.15,700,11,"none",6113671,21,82561,0,1,51.20052,380,.3331339,.0078772,.4714806,.0082835
391,2,.15,700,11,"none",6048161,21,82147,0,1,58.99258,371,.3343204,.0080167,.4704115,.0089319
393,2,.15,700,11,"none",6260712,14,83897,0,1,55.12869,375,.3278956,.0079214,.4712282,.0085999
395,2,.15,700,11,"none",6081569,16,82447,0,1,32.05357,244,.3313557,.0081635,.4699627,.0089418
394,2,.15,700,11,"none",6110722,20,82242,0,1,64.58743,413,.3386896,.0081582,.4779657,.0087785
396,2,.15,700,11,"none",6228695,16,83326,0,1,61.71149,517,.3332462,.0083889,.4724321,.0089588
397,2,.15,700,11,"none",6125814,20,82558,0,1,61.87255,404,.3327491,.0084943,.4729778,.0092126
398,2,.15,700,11,"none",6056579,25,82175,0,1,54.75457,403,.3391211,.0083717,.4725995,.0086368
399,2,.15,700,11,"none",6140844,18,82932,0,1,62.7077,399,.3375984,.0077588,.4750395,.0085369
400,2,.15,700,11,"none",6149252,22,82913,0,1,67.16865,419,.3368792,.0086862,.4737328,.0092251
401,2,.15,700,11,"none",6209563,17,83364,0,1,60.39968,432,.3324691,.0080853,.472152,.008954
402,2,.15,700,11,"none",6119631,23,82681,0,1,48.5687,360,.3339618,.0082267,.4723127,.0084226
404,2,.15,700,11,"none",6277522,11,84021,0,1,53.42414,404,.3223065,.0080187,.4686766,.0091617
403,2,.15,700,11,"none",6185857,14,83357,0,1,52.86331,383,.3318968,.0077052,.4747558,.0084093
405,2,.15,700,11,"none",6240502,23,83625,0,1,58.49768,433,.3377832,.0083865,.4772609,.0084852
406,2,.15,700,11,"none",6063230,22,82135,0,1,59.30818,390,.3322065,.0084481,.4670063,.0090249
407,2,.15,700,11,"none",6258410,13,83902,0,1,58.1402,419,.3299171,.0076723,.4737828,.0089504
408,2,.15,700,11,"none",6125538,18,82384,0,1,47.20616,363,.3300584,.008416,.4713836,.0088092
409,2,.15,700,11,"engage",9845468,0,84890,45370,1,79.70177,400,.2674718,.0068327,.4744445,.0087627
410,2,.15,700,11,"engage",9857591,0,85135,45495,1,89.93461,411,.2588131,.006957,.4684162,.0084423
411,2,.15,700,11,"engage",9904758,0,85520,45571,1,77.00783,394,.2636037,.0070363,.4708346,.0085076
412,2,.15,700,11,"engage",9842875,0,85133,45514,1,78.87646,392,.2645769,.0069942,.4735458,.0083649
415,2,.15,700,11,"engage",9825189,0,84769,45394,1,88.1099,428,.2563283,.0070531,.467596,.008696
413,2,.15,700,11,"engage",9835841,0,84822,45345,1,79.85868,411,.2611178,.0069731,.4726581,.0088151
414,2,.15,700,11,"engage",9849290,0,85046,45226,1,62.56859,335,.2618865,.0071859,.4738966,.0086645
416,2,.15,700,11,"engage",9891935,0,85273,45598,1,81.67094,386,.2625839,.007036,.473256,.008716
417,2,.15,700,11,"engage",9890737,0,85607,45129,1,74.82697,388,.2623448,.0073303,.4703521,.0091193
418,2,.15,700,11,"engage",9901366,0,85573,45309,1,83.13159,389,.2614832,.0069992,.4695871,.0084847
419,2,.15,700,11,"engage",9887339,0,85121,45574,1,73.30704,387,.2561729,.0070338,.4684414,.0087154
421,2,.15,700,11,"engage",9896113,0,85341,45606,1,90.89581,535,.2591954,.0071438,.4709159,.0088061
423,2,.15,700,11,"engage",9900834,0,84980,45668,1,75.79308,372,.271089,.0069858,.4789003,.0086948
420,2,.15,700,11,"engage",9832873,0,84950,45314,1,75.31704,371,.2634173,.0071001,.4713622,.0086491
422,2,.15,700,11,"engage",9835942,0,84869,45452,1,82.02775,407,.2548996,.0068973,.4659484,.0085331
424,2,.15,700,11,"engage",9832699,0,85119,45149,1,74.07317,401,.2640991,.0070473,.4697415,.0087871
425,2,.15,700,11,"engage",9952868,0,85787,45687,1,88.17171,412,.2640426,.0068804,.4734325,.0085488
426,2,.15,700,11,"engage",9867196,0,85576,45471,1,80.40336,386,.2606331,.0069896,.4718148,.0086317
427,2,.15,700,11,"engage",9875109,0,84762,45442,1,84.79257,372,.2588925,.0069785,.4697353,.0086545
428,2,.15,700,11,"engage",9912307,0,85720,45606,1,83.74704,422,.2606224,.0069825,.4733015,.0087047
429,2,.15,700,11,"engage",9893207,0,85482,45277,1,77.88554,395,.2584368,.0073407,.4691685,.0089493
431,2,.15,700,11,"engage",9842339,0,84724,45289,1,87.34936,452,.2587972,.0070626,.471256,.0086526
432,2,.15,700,11,"engage",9846710,0,84986,45238,1,77.27344,413,.2608173,.0069584,.4708768,.0085347
430,2,.15,700,11,"engage",9947426,0,85763,45643,1,85.59917,483,.263312,.0069956,.4739979,.0084294
433,2,.15,700,1,"onboard",6317519,0,82855,696,1,29.14977,229,.1510147,.0070367,.3363409,.0092719
434,2,.15,700,1,"onboard",6341871,0,83121,696,1,36.84044,233,.1536316,.0067019,.3381559,.0092721
435,2,.15,700,1,"onboard",6331663,0,82858,696,1,30.92941,211,.1509887,.0069597,.3382002,.0092354
436,2,.15,700,1,"onboard",6326277,1,82812,696,1,37.15154,310,.1550414,.0072467,.3378228,.0094412
437,2,.15,700,1,"onboard",6329094,0,83054,696,1,40.93019,327,.1555085,.0069115,.3375104,.0093659
439,2,.15,700,1,"onboard",6288246,0,82500,696,1,38.69696,282,.1564124,.0069264,.341606,.0092963
438,2,.15,700,1,"onboard",6284904,0,82390,696,1,26.58722,199,.1539741,.0069639,.3391356,.0093211
440,2,.15,700,1,"onboard",6348325,0,83287,696,1,30.86923,254,.1485998,.0069924,.337321,.0092206
441,2,.15,700,1,"onboard",6304137,0,82745,696,1,51.9147,383,.1535953,.0068257,.3394882,.0093262
442,2,.15,700,1,"onboard",6321120,0,82740,696,1,36.90524,288,.1509654,.0069178,.3371833,.0093499
443,2,.15,700,1,"onboard",6323178,0,83025,696,1,30.94445,240,.1503603,.0069236,.3367534,.0092256
444,2,.15,700,1,"onboard",6296129,0,82541,696,1,33.33961,251,.155276,.007079,.3365442,.0094017
445,2,.15,700,1,"onboard",6347141,0,83197,696,1,29.00898,267,.1512765,.0068421,.3370235,.0092642
446,2,.15,700,1,"onboard",6325186,0,82829,696,1,30.40203,224,.1545953,.0068608,.3380474,.0093329
447,2,.15,700,1,"onboard",6298333,1,82888,696,1,41.68302,343,.1525345,.0070214,.3377512,.0093347
449,2,.15,700,1,"onboard",6311238,0,82618,696,1,37.13251,284,.1501718,.0072204,.3374193,.0093752
448,2,.15,700,1,"onboard",6357176,0,83268,696,1,32.8199,248,.1530395,.0069183,.3385297,.00935
451,2,.15,700,1,"onboard",6275684,0,82177,696,1,33.15559,242,.1514648,.006961,.3378325,.0092488
450,2,.15,700,1,"onboard",6292854,0,82517,696,1,35.34429,263,.1521998,.0069161,.3397183,.0091715
452,2,.15,700,1,"onboard",6287813,0,82555,696,1,29.61187,211,.1526461,.0071723,.3383438,.0092717
453,2,.15,700,1,"onboard",6330038,0,83039,696,1,40.74014,254,.1519102,.0070405,.337924,.0093401
454,2,.15,700,1,"onboard",6321221,0,82899,696,1,42.43472,345,.1520531,.0068764,.338715,.0093205
455,2,.15,700,1,"onboard",6294883,0,82696,696,1,37.90448,254,.1510324,.006719,.3361808,.0091617
456,2,.15,700,1,"onboard",6304501,0,82699,696,1,36.46503,265,.1516879,.007096,.3367434,.0092416
458,2,.15,700,1,"both",9494788,0,83312,42191,1,46.32159,231,.1407819,.0069679,.3367857,.0091655
459,2,.15,700,1,"both",9483941,0,83209,42116,1,44.91994,236,.1446045,.0071517,.3390968,.0093792
457,2,.15,700,1,"both",9506745,0,83655,42323,1,52.19341,235,.1427363,.0071521,.3361427,.0093357
460,2,.15,700,1,"both",9422916,0,82766,42091,1,47.35854,252,.1435347,.007171,.3402426,.0093312
462,2,.15,700,1,"both",9415153,0,82604,42047,1,58.85951,329,.1405873,.0070886,.3408999,.0094668
461,2,.15,700,1,"both",9500450,0,83422,42307,1,45.71864,266,.141277,.0070704,.33691,.0092947
463,2,.15,700,1,"both",9445936,0,82883,42200,1,45.24484,209,.1415133,.0072624,.3378414,.0094937
464,2,.15,700,1,"both",9479174,0,83371,42231,1,52.67617,257,.1418319,.0071045,.3377835,.0092453
465,2,.15,700,1,"both",9422477,0,82729,42096,1,51.61847,212,.1426399,.007193,.3387345,.0093564
466,2,.15,700,1,"both",9428424,0,82712,42055,1,54.48288,376,.1404427,.0069907,.3395545,.0092525
468,2,.15,700,1,"both",9426976,0,82735,41972,1,47.67709,239,.1415268,.0070275,.3372293,.0092379
467,2,.15,700,1,"both",9386653,0,82580,41887,1,44.05771,222,.1415723,.0071595,.3379963,.0092755
469,2,.15,700,1,"both",9464858,0,82993,42207,1,52.27439,253,.1388817,.0070786,.3369996,.0093102
470,2,.15,700,1,"both",9541451,0,83435,42350,1,58.0449,346,.1388376,.0071885,.3401681,.0093273
471,2,.15,700,1,"both",9447124,0,82834,42072,1,41.09913,257,.1421928,.0073673,.34071,.009287
472,2,.15,700,1,"both",9500878,0,83582,42231,1,58.34811,232,.1392519,.0071663,.3355592,.0092645
473,2,.15,700,1,"both",9494330,0,83376,42153,1,50.11192,249,.1426363,.0070858,.3424786,.009209
474,2,.15,700,1,"both",9477592,0,83143,42246,1,48.1573,261,.140747,.007073,.338054,.0093764
475,2,.15,700,1,"both",9451952,0,82928,42249,1,45.91411,211,.1410743,.0072023,.3382133,.0093374
477,2,.15,700,1,"both",9433227,0,82539,41946,1,58.68733,257,.1406598,.0071261,.341353,.0093411
478,2,.15,700,1,"both",9427351,0,82626,42112,1,52.41968,310,.1407758,.0071384,.3360378,.0093
476,2,.15,700,1,"both",9394910,0,82630,41764,1,47.90712,251,.1401937,.0069826,.3371694,.009243
479,2,.15,700,1,"both",9505079,0,83286,42263,1,43.71211,242,.1371202,.0070764,.3349899,.0092197
480,2,.15,700,1,"both",9405041,0,82384,41977,1,44.46227,225,.1426721,.0072032,.3402897,.0092654
481,2,.15,700,5,"onboard",6408526,0,84026,696,1,59.69785,382,.198812,.0085723,.3835708,.0110584
482,2,.15,700,5,"onboard",6393532,0,83911,696,1,67.79082,445,.2045225,.0086758,.3907936,.0109914
483,2,.15,700,5,"onboard",6399840,0,84123,696,1,63.22514,432,.2068772,.0082041,.3961881,.0103788
484,2,.15,700,5,"onboard",6417779,0,84237,696,1,63.8879,421,.2276917,.0085875,.4104059,.0102959
485,2,.15,700,5,"onboard",6424656,1,84453,696,1,49.2308,392,.211689,.0086386,.3983955,.010827
487,2,.15,700,5,"onboard",6363364,2,83834,696,1,65.58741,435,.2117306,.0087659,.3978417,.0108212
486,2,.15,700,5,"onboard",6327125,3,83327,696,1,38.98169,283,.2185981,.0089773,.4038579,.0110179
489,2,.15,700,5,"onboard",6356954,0,83445,696,1,68.56069,420,.2040666,.0084489,.3935341,.0108495
488,2,.15,700,5,"onboard",6397692,0,83951,696,1,54.81143,447,.2129032,.0084676,.4016601,.0106628
490,2,.15,700,5,"onboard",6382268,0,83567,696,1,65.1311,406,.2111186,.0087804,.3985087,.0107992
491,2,.15,700,5,"onboard",6421786,0,84174,696,1,70.10426,457,.2258205,.008715,.4064718,.0105983
492,2,.15,700,5,"onboard",6376025,1,83726,696,1,60.89457,419,.2134361,.0084772,.3990613,.0106009
493,2,.15,700,5,"onboard",6445828,1,84272,696,1,60.22388,417,.2208854,.0085699,.4066244,.0105795
494,2,.15,700,5,"onboard",6372927,0,83542,696,1,66.15394,430,.2039632,.0082101,.3925335,.0108881
495,2,.15,700,5,"onboard",6414197,0,84120,696,1,66.46391,465,.2124733,.008806,.3980581,.0109573
496,2,.15,700,5,"onboard",6380275,2,83869,696,1,64.8996,420,.2217899,.0088126,.4064797,.0108193
498,2,.15,700,5,"onboard",6385748,1,83690,696,1,67.93959,414,.2132348,.0086211,.4021056,.0107372
497,2,.15,700,5,"onboard",6409082,1,84062,696,1,57.15685,423,.2151308,.0087036,.4027752,.0108338
499,2,.15,700,5,"onboard",6404463,1,84061,696,1,61.05218,426,.2242704,.0086132,.4070549,.0105043
500,2,.15,700,5,"onboard",6443249,1,84343,696,1,61.12994,449,.2202963,.008679,.4024497,.0106187
501,2,.15,700,5,"onboard",6440749,0,84298,696,1,56.55292,414,.2103943,.0086609,.3947645,.0109091
502,2,.15,700,5,"onboard",6412604,0,84306,696,1,68.78194,427,.2072858,.008467,.3949654,.010564
504,2,.15,700,5,"onboard",6423121,0,84041,696,1,71.98029,431,.223357,.0083976,.4047445,.0104793
505,2,.15,700,5,"both",9705320,0,84466,43843,1,77.02991,435,.1864111,.0080833,.3965496,.0109491
506,2,.15,700,5,"both",9618906,0,83846,43316,1,81.54786,390,.188269,.0080747,.399631,.0108235
507,2,.15,700,5,"both",9605659,0,83806,43257,1,81.68369,411,.1820279,.0080207,.3912953,.0108015
503,2,.15,700,5,"onboard",6423282,0,84179,696,1,59.0882,390,.2126175,.0088496,.396892,.0108086
508,2,.15,700,5,"both",9638503,0,83987,43547,1,84.47352,427,.1816341,.0081265,.3920068,.0110116
509,2,.15,700,5,"both",9717259,0,84447,43801,1,80.30777,417,.1877281,.0079205,.404717,.0106063
510,2,.15,700,5,"both",9623933,0,84101,43373,1,90.40218,450,.1873269,.0080111,.3975299,.0105491
511,2,.15,700,5,"both",9734801,0,84546,44029,1,87.88657,434,.1851538,.0079127,.3986607,.0106812
512,2,.15,700,5,"both",9634912,0,83848,43387,1,96.25774,432,.1882188,.0080549,.402941,.0109223
514,2,.15,700,5,"both",9637969,0,84057,43456,1,75.40499,417,.1812687,.0079761,.3926911,.0107027
513,2,.15,700,5,"both",9743556,0,85180,43746,1,82.98264,431,.1878488,.0081078,.3985634,.0107306
515,2,.15,700,5,"both",9641705,0,84053,43384,1,85.22155,413,.1869187,.0080231,.397083,.0105006
516,2,.15,700,5,"both",9632716,0,83760,43663,1,81.24672,405,.1849508,.0081538,.3960639,.0108237
517,2,.15,700,5,"both",9653887,0,84055,43600,1,76.42934,428,.1924161,.0079923,.4038231,.0102482
518,2,.15,700,5,"both",9626144,0,83872,43621,1,81.08696,416,.183051,.0080252,.3948456,.0109324
519,2,.15,700,5,"both",9647163,0,83894,43542,1,83.75362,436,.1876646,.0081031,.3957601,.0107342
520,2,.15,700,5,"both",9642414,0,83894,43346,1,76.96358,411,.1890769,.0080408,.3992488,.0105871
521,2,.15,700,5,"both",9644100,0,83733,43625,1,85.59761,446,.1840238,.0080105,.3948101,.0110888
522,2,.15,700,5,"both",9680352,0,84114,43649,1,90.9032,427,.1966374,.008221,.4026493,.0107336
524,2,.15,700,5,"both",9722379,0,84617,43910,1,81.98004,432,.1933985,.0079547,.4083294,.0104759
523,2,.15,700,5,"both",9682853,0,84173,43607,1,85.45472,429,.1878009,.0080072,.4016513,.0106339
525,2,.15,700,5,"both",9699527,0,84315,43749,1,84.81494,435,.1901339,.008135,.4046751,.0107988
526,2,.15,700,5,"both",9636505,0,83915,43447,1,73.61681,383,.1868276,.0079777,.3970881,.0104548
529,2,.15,700,11,"onboard",6462014,7,85222,696,1,53.5222,388,.3201939,.0075559,.4771151,.0087735
527,2,.15,700,5,"both",9645984,0,84057,43535,1,77.57969,396,.18812,.0080314,.3971959,.0106257
530,2,.15,700,11,"onboard",6422228,3,84530,696,1,60.04857,393,.2974083,.0073701,.4617442,.0088266
528,2,.15,700,5,"both",9754891,0,85064,44052,1,88.44164,415,.1929221,.0082262,.4038454,.0106976
531,2,.15,700,11,"onboard",6381576,6,84374,696,1,56.40591,404,.3163991,.0071201,.4722027,.008819
533,2,.15,700,11,"onboard",6302998,11,83598,696,1,66.83666,413,.3271205,.0071066,.4748105,.0083873
532,2,.15,700,11,"onboard",6357056,7,84039,696,1,56.65958,375,.3246309,.0072075,.4761283,.008891
535,2,.15,700,11,"onboard",6314898,12,83720,696,1,55.63488,394,.3212358,.007442,.4733997,.0083737
534,2,.15,700,11,"onboard",6247592,14,83350,696,1,57.04583,386,.3226995,.0076684,.473239,.0086216
536,2,.15,700,11,"onboard",6339827,8,83810,696,1,60.40121,389,.3190758,.0072959,.4738119,.0089971
537,2,.15,700,11,"onboard",6270698,14,83403,696,1,58.30867,379,.3312902,.0078511,.4798493,.0084966
538,2,.15,700,11,"onboard",6352755,8,84246,696,1,50.43344,397,.3147492,.0070043,.4690401,.0085769
539,2,.15,700,11,"onboard",6399462,4,84167,696,1,63.78225,406,.3089268,.007598,.4696221,.009014
540,2,.15,700,11,"onboard",6344181,10,84088,696,1,63.6774,384,.3092129,.0075018,.4653157,.0088452
542,2,.15,700,11,"onboard",6348725,9,83856,696,1,51.78761,388,.3183882,.0077892,.4752133,.0088358
541,2,.15,700,11,"onboard",6379272,8,84124,696,1,63.21702,414,.3197695,.0073169,.4747052,.0087994
543,2,.15,700,11,"onboard",6200136,16,82640,696,1,50.81453,343,.3299406,.0075718,.4726946,.0083041
544,2,.15,700,11,"onboard",6402527,4,84245,696,1,56.34156,411,.316658,.0069522,.475441,.0086834
546,2,.15,700,11,"onboard",6408911,5,84407,696,1,54.04527,423,.3154555,.0071555,.4740013,.0085224
545,2,.15,700,11,"onboard",6376346,6,84354,696,1,59.20102,413,.308044,.0075118,.4673251,.0088219
547,2,.15,700,11,"onboard",6351553,8,83639,696,1,56.55017,357,.3168456,.0071092,.4764404,.0083796
548,2,.15,700,11,"onboard",6262083,12,83266,696,1,62.89832,395,.3213553,.0077518,.4720193,.0084618
549,2,.15,700,11,"onboard",6466877,2,85053,696,1,65.22315,448,.3069051,.0072794,.4707544,.0087418
551,2,.15,700,11,"onboard",6294513,9,83545,696,1,78.54911,554,.3216869,.0072042,.473112,.0085704
552,2,.15,700,11,"onboard",6250819,12,83028,696,1,59.15965,389,.3177491,.0083462,.4705685,.0091007
550,2,.15,700,11,"onboard",6317689,9,84197,696,1,67.29201,427,.3053769,.0075588,.4627696,.0089505
553,2,.15,700,11,"both",9891516,0,84553,45817,1,70.30722,279,.2622663,.0067613,.4737536,.008956
554,2,.15,700,11,"both",9931612,0,85512,45870,1,84.12132,415,.2574568,.0070807,.469841,.0087629
555,2,.15,700,11,"both",9894667,0,84915,45796,1,65.85716,343,.2580199,.0069195,.4709416,.0087372
556,2,.15,700,11,"both",9927890,0,84988,46260,1,75.61516,390,.2608493,.0068943,.4740851,.0088936
557,2,.15,700,11,"both",9919738,0,85232,46056,1,76.27368,403,.2545858,.0070511,.4694672,.0085716
558,2,.15,700,11,"both",9889813,0,85074,45715,1,77.72579,402,.2499004,.0070616,.4642082,.0090308
559,2,.15,700,11,"both",9933298,0,85345,46070,1,89.25421,423,.2571484,.0068304,.4700766,.0085685
561,2,.15,700,11,"both",9965141,0,85412,46260,1,75.56696,342,.2627558,.0068433,.4731055,.0086322
562,2,.15,700,11,"both",9866722,0,84567,45850,1,81.26438,429,.2580997,.0067063,.4694659,.0086278
560,2,.15,700,11,"both",9832992,0,84164,45756,1,72.00476,392,.2581888,.007119,.4714894,.0088652
563,2,.15,700,11,"both",9914031,0,85196,45986,1,82.19707,424,.2569522,.0069984,.4679994,.0087181
564,2,.15,700,11,"both",9982062,0,85534,46505,1,77.84528,397,.2590666,.0067986,.4764162,.0083833
565,2,.15,700,11,"both",9975877,0,85436,46306,1,82.2747,379,.2621006,.0068009,.4735137,.008913
567,2,.15,700,11,"both",9911814,0,85150,45830,1,66.19636,359,.2646133,.0067168,.4737823,.0085607
566,2,.15,700,11,"both",9854739,0,84642,45905,1,91.30658,414,.2537805,.0069913,.4680955,.0084529
568,2,.15,700,11,"both",9955410,0,85480,46203,1,88.42034,383,.2500387,.0071148,.465102,.0087884
569,2,.15,700,11,"both",9935953,0,85350,46018,1,69.60393,365,.2574967,.0069941,.4697549,.008783
570,2,.15,700,11,"both",9947693,0,85526,45922,1,76.2677,405,.2591715,.0070701,.4688042,.009148
571,2,.15,700,11,"both",9947837,0,85310,46377,1,85.04945,382,.2545576,.0067828,.4687707,.0085741
572,2,.15,700,11,"both",9878270,0,84798,45849,1,83.36212,416,.2530604,.0067232,.4681784,.0085203
573,2,.15,700,11,"both",9903263,0,85057,46108,1,77.42439,397,.2583038,.0068916,.4714937,.0084762
574,2,.15,700,11,"both",9911258,0,84953,46139,1,90.57709,393,.254402,.0068117,.4680905,.008636
575,2,.15,700,11,"both",9985348,0,85580,46475,1,82.2785,408,.2584192,.0070017,.4711524,.0087239
576,2,.15,700,11,"both",9844984,0,84868,45512,1,78.95071,396,.2520796,.007149,.4639501,.0089253
577,2,.4,700,1,"none",1.04e+07,0,138351,0,1,99.6804,867,.1601496,.0078685,.3486717,.0102234
579,2,.4,700,1,"none",1.04e+07,0,137147,0,1,105.7123,716,.1549713,.0076979,.3490236,.0100347
580,2,.4,700,1,"none",1.04e+07,0,137803,0,1,101.3034,689,.1486093,.0074228,.3447242,.0097775
581,2,.4,700,1,"none",1.04e+07,0,137259,0,1,89.56219,656,.1542838,.0075276,.3485508,.009932
578,2,.4,700,1,"none",1.05e+07,0,138584,0,1,96.97575,707,.1552131,.0076181,.3488516,.0100913
582,2,.4,700,1,"none",1.04e+07,0,137611,0,1,57.63331,391,.1543717,.0078151,.3470115,.0099914
584,2,.4,700,1,"none",1.05e+07,0,138152,0,1,99.00877,703,.1599073,.0079592,.3529324,.0101805
583,2,.4,700,1,"none",1.05e+07,0,138662,0,1,101.2267,735,.1618541,.0078851,.3526964,.0103008
585,2,.4,700,1,"none",1.04e+07,0,137693,0,1,97.7895,686,.1576889,.0077916,.3483354,.0100909
586,2,.4,700,1,"none",1.04e+07,0,137422,0,1,97.42492,740,.1463571,.0074384,.3434258,.0096224
588,2,.4,700,1,"none",1.05e+07,0,138396,0,1,94.6291,702,.1589646,.0078297,.3546241,.0103511
587,2,.4,700,1,"none",1.04e+07,0,137694,0,1,108.6699,695,.1557418,.007666,.3515851,.0101311
590,2,.4,700,1,"none",1.05e+07,0,138117,0,1,106.6742,759,.1611649,.0079594,.3534017,.0101894
591,2,.4,700,1,"none",1.04e+07,0,138141,0,1,103.1954,751,.1609572,.0079797,.353526,.0102256
589,2,.4,700,1,"none",1.04e+07,0,137708,0,1,101.7747,679,.1514181,.0076695,.3451144,.00974
592,2,.4,700,1,"none",1.04e+07,0,137828,0,1,103.5567,747,.1514038,.0075606,.3440582,.0097932
593,2,.4,700,1,"none",1.05e+07,0,138441,0,1,97.57579,737,.162429,.0080355,.3545957,.0104439
595,2,.4,700,1,"none",1.04e+07,0,138297,0,1,58.5221,422,.1631516,.0081036,.3566153,.0102832
594,2,.4,700,1,"none",1.04e+07,0,137402,0,1,101.9146,729,.1558817,.0078362,.3491832,.0101617
596,2,.4,700,1,"none",1.04e+07,0,137229,0,1,96.12926,702,.1578947,.0077117,.3478343,.0100458
597,2,.4,700,1,"none",1.04e+07,0,138098,0,1,85.07809,526,.1563598,.0077289,.3495493,.0100182
598,2,.4,700,1,"none",1.04e+07,0,137676,0,1,99.47225,717,.1582928,.0079165,.3510455,.0102211
600,2,.4,700,1,"none",1.04e+07,0,137761,0,1,97.27114,722,.1564942,.0077056,.3512526,.0101707
599,2,.4,700,1,"none",1.04e+07,0,137980,0,1,92.4724,688,.1556698,.0079661,.3500333,.0101524
601,2,.4,700,1,"engage",1.47e+07,0,137818,56657,1,130.224,693,.1427878,.0076289,.3460898,.0098285
602,2,.4,700,1,"engage",1.47e+07,0,137737,56484,1,73.87239,350,.1459829,.0077667,.3519706,.0101512
603,2,.4,700,1,"engage",1.47e+07,0,138172,56426,1,119.5964,727,.1430169,.0075988,.3495386,.0099425
604,2,.4,700,1,"engage",1.47e+07,0,137586,56601,1,131.0408,711,.1461813,.007652,.3518811,.0100625
605,2,.4,700,1,"engage",1.48e+07,0,138354,56758,1,77.58704,366,.1460171,.0076576,.3521312,.0101701
606,2,.4,700,1,"engage",1.47e+07,0,138125,56707,1,126.971,672,.1412377,.0074658,.3488025,.0099531
607,2,.4,700,1,"engage",1.47e+07,0,137905,56765,1,119.4296,675,.1481189,.007735,.3526889,.010296
608,2,.4,700,1,"engage",1.47e+07,0,137720,56462,1,123.6598,708,.1467823,.007693,.3510827,.0103141
609,2,.4,700,1,"engage",1.47e+07,0,137764,56756,1,135.1812,725,.1461706,.0076616,.3543925,.0099757
610,2,.4,700,1,"engage",1.48e+07,0,138657,56821,1,137.8074,790,.1481418,.0077421,.3514771,.0102148
611,2,.4,700,1,"engage",1.47e+07,0,137728,56434,1,133.1043,754,.144882,.0076645,.3485268,.0100737
612,2,.4,700,1,"engage",1.47e+07,0,137507,56643,1,83.33444,417,.1442626,.0076006,.3482171,.0099917
613,2,.4,700,1,"engage",1.47e+07,0,137970,56715,1,134.2103,749,.1477789,.007709,.3493863,.0101626
614,2,.4,700,1,"engage",1.47e+07,0,137720,56388,1,77.8524,421,.1441649,.0075332,.3472407,.0098688
615,2,.4,700,1,"engage",1.46e+07,0,137523,56435,1,123.9007,682,.1425786,.007483,.3469505,.0099067
616,2,.4,700,1,"engage",1.47e+07,0,137529,56357,1,125.562,745,.1427727,.00761,.3472138,.0101524
617,2,.4,700,1,"engage",1.47e+07,0,137713,56667,1,123.3415,703,.1440714,.0076543,.3491003,.0100861
618,2,.4,700,1,"engage",1.47e+07,0,138017,56756,1,130.3818,728,.1446819,.0077248,.349631,.0101567
619,2,.4,700,1,"engage",1.47e+07,0,138199,56590,1,103.0827,528,.1448679,.0075987,.3498247,.0099597
620,2,.4,700,1,"engage",1.47e+07,0,137842,56753,1,72.20587,366,.1499919,.007725,.357171,.0105028
621,2,.4,700,1,"engage",1.47e+07,0,137280,56543,1,126.3925,710,.1424434,.0076191,.3472299,.0098849
622,2,.4,700,1,"engage",1.47e+07,0,137841,56718,1,124.7687,747,.1439025,.0074962,.3475497,.0099258
623,2,.4,700,1,"engage",1.47e+07,0,137610,56526,1,135.0338,736,.1458323,.007693,.3515016,.0103303
626,2,.4,700,5,"none",1.10e+07,0,145108,0,1,108.7222,684,.3181617,.0070429,.4788082,.0086889
625,2,.4,700,5,"none",1.09e+07,1,143972,0,1,92.45977,651,.3178809,.0070768,.4788177,.0085325
627,2,.4,700,5,"none",1.09e+07,1,144417,0,1,100.6903,677,.3178529,.0070343,.4801839,.0082031
628,2,.4,700,5,"none",1.09e+07,0,144766,0,1,98.36868,665,.317286,.0066889,.4781879,.0086908
624,2,.4,700,1,"engage",1.47e+07,0,137838,56649,1,134.5139,733,.1437433,.0075671,.3474115,.0100796
629,2,.4,700,5,"none",1.09e+07,0,144842,0,1,134.9229,997,.3237993,.0070195,.4821692,.0087977
630,2,.4,700,5,"none",1.09e+07,0,145016,0,1,90.55268,623,.309959,.0072951,.4764669,.0087439
631,2,.4,700,5,"none",1.09e+07,0,143850,0,1,94.64049,660,.3172335,.0068007,.4785522,.0085988
632,2,.4,700,5,"none",1.09e+07,0,144849,0,1,105.7379,637,.316694,.0072954,.4800952,.0088584
633,2,.4,700,5,"none",1.10e+07,0,144973,0,1,101.0434,669,.3175975,.0068894,.4811831,.0083106
634,2,.4,700,5,"none",1.10e+07,0,145490,0,1,105.9852,660,.3168789,.006817,.4791849,.0084246
635,2,.4,700,5,"none",1.10e+07,0,145114,0,1,144.8304,1029,.3165587,.0074438,.480762,.0087023
637,2,.4,700,5,"none",1.09e+07,0,144336,0,1,92.58984,638,.3156107,.0072478,.4780707,.0087344
636,2,.4,700,5,"none",1.09e+07,0,144828,0,1,88.76495,596,.3154305,.006906,.4789566,.0085539
638,2,.4,700,5,"none",1.10e+07,0,145021,0,1,106.0411,704,.3197469,.0070203,.4821748,.0086638
639,2,.4,700,5,"none",1.09e+07,0,144541,0,1,80.38643,562,.3112377,.007164,.4766622,.0086393
640,2,.4,700,5,"none",1.09e+07,0,144401,0,1,95.99006,652,.3206075,.0066286,.4807271,.008364
641,2,.4,700,5,"none",1.09e+07,0,144694,0,1,103.9221,728,.3095412,.0069209,.47765,.0082416
642,2,.4,700,5,"none",1.09e+07,0,144529,0,1,104.4447,651,.3088777,.0070232,.4732777,.0084975
643,2,.4,700,5,"none",1.09e+07,0,144551,0,1,114.2899,704,.3166188,.0068466,.4785436,.0083618
644,2,.4,700,5,"none",1.10e+07,0,145245,0,1,98.52749,674,.3127593,.0070124,.4770497,.0082827
646,2,.4,700,5,"none",1.09e+07,0,144168,0,1,101.2373,650,.3121967,.0070251,.4754529,.0085499
645,2,.4,700,5,"none",1.09e+07,0,144627,0,1,98.46842,642,.3206862,.006828,.4821631,.0086426
647,2,.4,700,5,"none",1.09e+07,1,144865,0,1,95.79076,619,.3188194,.0068972,.4797421,.0084969
648,2,.4,700,5,"none",1.09e+07,0,144576,0,1,111.1983,687,.3162413,.0070612,.4783629,.008613
649,2,.4,700,5,"engage",1.53e+07,0,144363,58180,1,121.9173,686,.2610198,.0069771,.4770382,.0087079
650,2,.4,700,5,"engage",1.53e+07,0,144980,57928,1,110.8529,612,.2609805,.0069063,.4780573,.0082594
651,2,.4,700,5,"engage",1.53e+07,0,144190,57907,1,174.3819,1015,.2624476,.0072586,.4753226,.0091072
652,2,.4,700,5,"engage",1.53e+07,0,144727,58145,1,112.286,714,.2614017,.0071931,.4785056,.008469
653,2,.4,700,5,"engage",1.53e+07,0,144316,58018,1,128.8494,679,.2624837,.0071098,.4797306,.0085482
655,2,.4,700,5,"engage",1.53e+07,0,144325,57981,1,140.1602,721,.2602654,.0070419,.4794315,.0085434
654,2,.4,700,5,"engage",1.53e+07,0,144587,57883,1,124.3205,636,.2593483,.0073052,.4769837,.0085439
656,2,.4,700,5,"engage",1.54e+07,0,145564,57873,1,125.6078,670,.2706297,.0068877,.4849231,.0085874
657,2,.4,700,5,"engage",1.53e+07,0,144793,58020,1,111.3662,650,.2663818,.0070775,.4813406,.0087026
658,2,.4,700,5,"engage",1.53e+07,0,144477,58114,1,112.009,681,.2650692,.0070111,.4797365,.0086341
659,2,.4,700,5,"engage",1.54e+07,0,145043,58000,1,120.4533,667,.2648728,.0069417,.4805258,.0086616
660,2,.4,700,5,"engage",1.53e+07,0,144529,57958,1,120.0921,669,.2590018,.0070901,.4777398,.0082255
661,2,.4,700,5,"engage",1.54e+07,0,145218,58033,1,123.0896,650,.2640117,.0069463,.4808271,.00852
662,2,.4,700,5,"engage",1.53e+07,0,144764,57800,1,123.1732,685,.2599767,.0069229,.4784865,.0082954
664,2,.4,700,5,"engage",1.54e+07,0,145189,58109,1,119.1344,658,.2595456,.0069701,.4782503,.0087477
663,2,.4,700,5,"engage",1.54e+07,0,144814,58333,1,109.422,617,.2640539,.0070937,.4790704,.0084848
665,2,.4,700,5,"engage",1.53e+07,0,144630,57874,1,125.0099,653,.2615192,.0072093,.4793715,.0082985
666,2,.4,700,5,"engage",1.53e+07,0,144395,58197,1,125.5657,670,.26287,.0070836,.4786505,.0086688
667,2,.4,700,5,"engage",1.53e+07,0,144676,58056,1,129.1767,684,.2635514,.0071274,.4833019,.0084912
668,2,.4,700,5,"engage",1.53e+07,0,143934,57822,1,121.2627,676,.263725,.0070915,.4795302,.0089465
669,2,.4,700,5,"engage",1.53e+07,0,143861,57913,1,124.8439,656,.2547787,.0071893,.4722887,.0083673
670,2,.4,700,5,"engage",1.53e+07,0,144920,58188,1,119.9558,646,.2631981,.0071706,.4782968,.0085893
671,2,.4,700,5,"engage",1.52e+07,0,144034,57856,1,123.6955,667,.2614233,.0070593,.4780369,.0086213
673,2,.4,700,11,"none",1.08e+07,11,144060,0,1,82.40939,576,.3725329,.0089092,.502648,.0097434
674,2,.4,700,11,"none",1.09e+07,7,145347,0,1,73.32076,558,.3720879,.009393,.5052481,.0101139
675,2,.4,700,11,"none",1.10e+07,2,145819,0,1,86.51643,576,.3656807,.0087816,.504525,.0098532
672,2,.4,700,5,"engage",1.53e+07,0,144791,58060,1,111.4859,645,.2622626,.0069414,.4790291,.008424
676,2,.4,700,11,"none",1.10e+07,1,146017,0,1,88.2944,619,.3630534,.0086244,.5048432,.0098415
677,2,.4,700,11,"none",1.09e+07,10,144939,0,1,67.5495,408,.3780814,.0086125,.5116408,.0098274
679,2,.4,700,11,"none",1.09e+07,6,144795,0,1,89.16062,607,.3696017,.0087336,.5071233,.0096507
678,2,.4,700,11,"none",1.10e+07,4,145961,0,1,82.10339,573,.3660767,.0086137,.504419,.0098864
681,2,.4,700,11,"none",1.10e+07,6,145763,0,1,86.12661,595,.3750894,.0090607,.5082121,.0098973
680,2,.4,700,11,"none",1.10e+07,4,146161,0,1,91.37196,623,.3647918,.008727,.5023646,.0098339
682,2,.4,700,11,"none",1.10e+07,4,145614,0,1,86.30162,603,.3742145,.0086232,.5096953,.0098035
684,2,.4,700,11,"none",1.10e+07,2,145732,0,1,82.94626,600,.3573733,.0086797,.5003164,.0100056
683,2,.4,700,11,"none",1.09e+07,9,145100,0,1,87.73573,606,.3704483,.0088112,.5065193,.0095842
685,2,.4,700,11,"none",1.09e+07,7,145166,0,1,86.4202,598,.366359,.0091444,.5049623,.0097927
686,2,.4,700,11,"none",1.09e+07,7,145415,0,1,84.42342,590,.3651741,.009179,.5036154,.0099228
687,2,.4,700,11,"none",1.08e+07,10,144344,0,1,80.21399,580,.3767849,.0094504,.5085383,.010364
688,2,.4,700,11,"none",1.09e+07,7,144479,0,1,86.27804,582,.3740132,.0090356,.5093976,.0100183
689,2,.4,700,11,"none",1.08e+07,10,143973,0,1,87.01901,616,.3637581,.0093187,.500548,.0099057
690,2,.4,700,11,"none",1.10e+07,4,145859,0,1,87.31382,604,.36027,.0086384,.5018406,.0096933
691,2,.4,700,11,"none",1.09e+07,6,145084,0,1,84.68631,612,.3675806,.0089255,.5051852,.0095326
693,2,.4,700,11,"none",1.10e+07,6,145445,0,1,96.49043,634,.3658673,.0092967,.5047157,.0099366
692,2,.4,700,11,"none",1.10e+07,5,145361,0,1,90.95567,628,.3647834,.008881,.5042812,.0100703
694,2,.4,700,11,"none",1.10e+07,3,145658,0,1,88.48822,609,.3647681,.008903,.5049716,.009947
695,2,.4,700,11,"none",1.11e+07,2,146301,0,1,93.03415,600,.3643508,.0090947,.5018124,.0102009
696,2,.4,700,11,"none",1.10e+07,6,145429,0,1,81.39536,609,.3700564,.0087382,.5049384,.009912
698,2,.4,700,11,"engage",1.55e+07,0,146388,58461,1,167.825,977,.2962089,.0079251,.5036803,.0099231
697,2,.4,700,11,"engage",1.55e+07,0,146404,58501,1,112.2346,610,.2948609,.0080084,.5040003,.0100218
699,2,.4,700,11,"engage",1.55e+07,0,146090,58512,1,119.7468,622,.2940384,.0079042,.5010889,.0099872
700,2,.4,700,11,"engage",1.55e+07,0,146191,58659,1,112.3605,583,.2988193,.0079578,.5050539,.0100903
701,2,.4,700,11,"engage",1.54e+07,0,146032,58494,1,113.2055,624,.294149,.007775,.5033563,.0100144
702,2,.4,700,11,"engage",1.55e+07,0,146789,58576,1,95.30714,589,.2950467,.0078664,.5016827,.0101888
703,2,.4,700,11,"engage",1.55e+07,0,146605,58579,1,114.6205,613,.2942051,.0079036,.5028634,.0100065
704,2,.4,700,11,"engage",1.55e+07,0,146818,58104,1,101.6573,622,.2933423,.0078849,.5028969,.0103834
705,2,.4,700,11,"engage",1.55e+07,0,147106,58460,1,113.6786,558,.2977666,.0078665,.5058575,.0100266
706,2,.4,700,11,"engage",1.55e+07,0,146802,58504,1,115.0479,621,.2966526,.0079305,.5028602,.0103182
707,2,.4,700,11,"engage",1.55e+07,0,146282,58579,1,103.3294,581,.2965184,.0080922,.5044514,.0098642
708,2,.4,700,11,"engage",1.55e+07,0,146573,58579,1,115.9301,610,.2922632,.0078144,.502574,.0099879
710,2,.4,700,11,"engage",1.55e+07,0,146520,58291,1,111.4522,595,.2966327,.0079614,.5048044,.0102798
709,2,.4,700,11,"engage",1.55e+07,0,145882,58525,1,116.573,618,.2939436,.0076446,.5026441,.009818
711,2,.4,700,11,"engage",1.55e+07,0,146804,58607,1,102.6245,585,.2957256,.007905,.5047746,.0099294
712,2,.4,700,11,"engage",1.55e+07,0,146565,58464,1,107.4436,588,.2943642,.0079643,.5019454,.0104968
713,2,.4,700,11,"engage",1.55e+07,0,146775,58441,1,102.4753,570,.2907411,.0080066,.5001193,.0101122
715,2,.4,700,11,"engage",1.55e+07,0,146293,58640,1,111.5839,607,.2970511,.0077419,.504518,.0098511
714,2,.4,700,11,"engage",1.55e+07,0,146387,58569,1,108.4776,611,.2965825,.0077496,.5035511,.0103623
716,2,.4,700,11,"engage",1.55e+07,0,146765,58448,1,108.7711,582,.2924769,.0077276,.4996195,.0097188
717,2,.4,700,11,"engage",1.55e+07,0,146890,58773,1,113.9454,610,.2922207,.0077978,.5021189,.0101001
718,2,.4,700,11,"engage",1.55e+07,0,146646,58673,1,113.5592,620,.2960241,.0078532,.5021988,.010195
720,2,.4,700,11,"engage",1.55e+07,0,146369,58626,1,223.9729,1384,.2968512,.0077793,.5062956,.0103674
719,2,.4,700,11,"engage",1.55e+07,0,146596,58648,1,101.3843,593,.2940332,.0080838,.501994,.0104765
721,2,.4,700,1,"onboard",1.04e+07,0,137260,696,1,54.91977,386,.1570861,.0078057,.3495264,.0102731
722,2,.4,700,1,"onboard",1.05e+07,0,137497,696,1,92.76319,732,.1541456,.0076468,.3495546,.0100301
723,2,.4,700,1,"onboard",1.06e+07,0,139085,696,1,111.23,742,.1596657,.0078232,.3548663,.0101575
724,2,.4,700,1,"onboard",1.04e+07,0,137584,696,1,100.3213,713,.1559374,.007534,.3484096,.0101226
725,2,.4,700,1,"onboard",1.04e+07,0,137281,696,1,109.287,713,.1518341,.007467,.3474301,.0099079
727,2,.4,700,1,"onboard",1.05e+07,0,138482,696,1,96.16464,697,.1592828,.0079291,.3546784,.0104108
728,2,.4,700,1,"onboard",1.05e+07,0,138077,696,1,99.13834,717,.1551193,.007768,.3522137,.0103601
726,2,.4,700,1,"onboard",1.05e+07,0,137908,696,1,93.34814,739,.1572898,.0078868,.353848,.0103955
729,2,.4,700,1,"onboard",1.05e+07,0,137995,696,1,50.65321,389,.1561187,.0077194,.3490044,.0102675
730,2,.4,700,1,"onboard",1.05e+07,0,137940,696,1,101.5994,695,.1561672,.0076939,.3517548,.010131
731,2,.4,700,1,"onboard",1.05e+07,0,138200,696,1,105.2462,734,.1515355,.0076004,.3467479,.009773
732,2,.4,700,1,"onboard",1.05e+07,0,138004,696,1,110.951,739,.1622333,.0081046,.3559759,.0105283
733,2,.4,700,1,"onboard",1.04e+07,0,137208,696,1,104.9441,714,.1514196,.0075144,.3442098,.0098645
734,2,.4,700,1,"onboard",1.05e+07,0,137900,696,1,108.6764,717,.1539834,.0078103,.3500219,.0101885
735,2,.4,700,1,"onboard",1.05e+07,0,138306,696,1,99.42368,770,.1495682,.0074732,.3466873,.0099607
736,2,.4,700,1,"onboard",1.06e+07,0,139104,696,1,113.3328,736,.1616935,.0079464,.3552102,.0103299
737,2,.4,700,1,"onboard",1.05e+07,0,137716,696,1,93.35871,663,.1547291,.0075912,.3516227,.010256
738,2,.4,700,1,"onboard",1.05e+07,0,138456,696,1,57.08781,394,.1554293,.007744,.3507918,.0103127
739,2,.4,700,1,"onboard",1.05e+07,0,138238,696,1,112.9355,756,.1551647,.0075219,.350822,.0100288
740,2,.4,700,1,"onboard",1.05e+07,0,138183,696,1,92.07924,715,.150991,.007741,.3473943,.0101684
741,2,.4,700,1,"onboard",1.05e+07,0,138300,696,1,99.27745,689,.161058,.0079137,.3561361,.0104681
742,2,.4,700,1,"onboard",1.05e+07,0,137571,696,1,101.478,718,.1581932,.0078198,.3547337,.0104357
743,2,.4,700,1,"onboard",1.05e+07,0,137728,696,1,103.416,716,.1624418,.0079892,.3552278,.0104542
745,2,.4,700,1,"both",1.48e+07,0,137780,57421,1,77.91434,371,.1466306,.0075752,.3534574,.0102861
746,2,.4,700,1,"both",1.47e+07,0,137689,57210,1,133.7496,764,.1432155,.0076787,.3503465,.0103536
744,2,.4,700,1,"onboard",1.05e+07,0,137841,696,1,59.44304,389,.1563911,.0076074,.350747,.0100598
747,2,.4,700,1,"both",1.47e+07,0,137724,57106,1,141.8685,792,.1427359,.0075209,.348249,.010045
748,2,.4,700,1,"both",1.48e+07,0,138573,57247,1,119.8707,738,.1462401,.0075057,.3517614,.0101722
749,2,.4,700,1,"both",1.47e+07,0,137149,57042,1,122.255,705,.1469004,.0075482,.3534431,.0103091
750,2,.4,700,1,"both",1.48e+07,0,138921,57553,1,126.4652,726,.1432234,.0075579,.3511179,.0100599
751,2,.4,700,1,"both",1.47e+07,0,137739,57060,1,122.5044,730,.1443015,.0075051,.347355,.0099235
752,2,.4,700,1,"both",1.48e+07,0,138119,57441,1,128.0573,677,.1424299,.0073485,.348677,.0099413
753,2,.4,700,1,"both",1.47e+07,0,137917,57347,1,88.10007,445,.1436722,.0075265,.3501298,.010073
755,2,.4,700,1,"both",1.47e+07,0,137471,57287,1,127.1394,719,.1402684,.0075097,.345563,.0098377
756,2,.4,700,1,"both",1.47e+07,0,137787,57255,1,122.0611,703,.1463018,.0075558,.3532441,.0101633
754,2,.4,700,1,"both",1.47e+07,0,137598,57176,1,84.56222,418,.1417214,.0073707,.3470194,.0097793
757,2,.4,700,1,"both",1.48e+07,0,138017,57273,1,75.31818,381,.1449644,.0075613,.3499476,.0103321
758,2,.4,700,1,"both",1.48e+07,0,138512,57389,1,129.4938,814,.1469822,.007471,.3501917,.0102105
759,2,.4,700,1,"both",1.48e+07,0,138208,57512,1,122.1323,663,.1451221,.0075394,.3515946,.0103127
760,2,.4,700,1,"both",1.48e+07,0,138402,57276,1,135.9825,782,.1427381,.0075725,.3489358,.0101416
761,2,.4,700,1,"both",1.48e+07,0,138091,57473,1,122.7415,708,.1395578,.0073977,.3467681,.0099389
762,2,.4,700,1,"both",1.47e+07,0,137605,57187,1,90.6384,395,.1411474,.0075501,.343092,.0100745
763,2,.4,700,1,"both",1.47e+07,0,137830,57161,1,135.3608,702,.1412696,.0074347,.3476145,.0100153
765,2,.4,700,1,"both",1.48e+07,0,138225,57149,1,80.62656,402,.1430544,.0074074,.3527896,.0101255
764,2,.4,700,1,"both",1.48e+07,0,138380,57402,1,148.4883,941,.146076,.0074623,.3507577,.0100962
766,2,.4,700,1,"both",1.47e+07,0,137843,57255,1,133.9997,737,.1447617,.0074424,.349519,.0098242
769,2,.4,700,5,"onboard",1.11e+07,0,145931,696,1,103.5927,682,.3134568,.0061742,.4800256,.0083938
767,2,.4,700,1,"both",1.47e+07,0,137143,57209,1,80.25164,400,.1407855,.0074525,.3468339,.009888
768,2,.4,700,1,"both",1.47e+07,0,137864,57106,1,66.7353,374,.138474,.0073718,.3451658,.009679
771,2,.4,700,5,"onboard",1.11e+07,0,145327,696,1,101.469,687,.3156137,.0072008,.4817994,.0085867
770,2,.4,700,5,"onboard",1.10e+07,0,144321,696,1,102.2908,658,.3081952,.0069999,.4782937,.0086033
772,2,.4,700,5,"onboard",1.10e+07,0,144783,696,1,96.38338,643,.3266584,.0065421,.4869384,.0083577
774,2,.4,700,5,"onboard",1.10e+07,0,144392,696,1,96.77484,703,.3179455,.0066883,.4814389,.0083948
773,2,.4,700,5,"onboard",1.10e+07,0,144446,696,1,90.10445,651,.3065931,.0066225,.4764044,.0083212
775,2,.4,700,5,"onboard",1.10e+07,0,144119,696,1,98.89224,659,.3163693,.0067406,.481093,.0085451
776,2,.4,700,5,"onboard",1.10e+07,0,144814,696,1,97.64175,654,.3182621,.0064783,.479955,.0082079
777,2,.4,700,5,"onboard",1.10e+07,0,145018,696,1,98.33366,641,.3075755,.0069086,.4752747,.0086283
778,2,.4,700,5,"onboard",1.10e+07,0,144439,696,1,105.5592,717,.3131273,.0068632,.4785115,.0085639
779,2,.4,700,5,"onboard",1.10e+07,0,144369,696,1,93.59014,662,.3201705,.0071114,.4825148,.0086335
780,2,.4,700,5,"onboard",1.09e+07,2,144236,696,1,97.06944,644,.3214571,.006616,.483688,.0084202
781,2,.4,700,5,"onboard",1.10e+07,0,144720,696,1,150.1349,1032,.3185352,.00661,.4815684,.0083417
783,2,.4,700,5,"onboard",1.10e+07,0,144544,696,1,104.252,673,.3232889,.0066356,.4846981,.0087363
782,2,.4,700,5,"onboard",1.10e+07,0,144657,696,1,93.17117,675,.3117893,.0069913,.4769427,.0083913
784,2,.4,700,5,"onboard",1.10e+07,0,144726,696,1,95.72113,670,.3073145,.0068225,.4764221,.0084791
785,2,.4,700,5,"onboard",1.10e+07,0,145168,696,1,101.9706,677,.3158215,.006958,.4808496,.0085469
786,2,.4,700,5,"onboard",1.10e+07,0,144665,696,1,93.15701,665,.3144992,.0066132,.4788194,.0083065
787,2,.4,700,5,"onboard",1.11e+07,0,145458,696,1,96.67487,666,.3168995,.0066023,.4827079,.0083646
788,2,.4,700,5,"onboard",1.10e+07,0,144295,696,1,93.85918,677,.310351,.0070168,.4765531,.0084072
789,2,.4,700,5,"onboard",1.10e+07,0,144360,696,1,42.63497,338,.3132034,.0065882,.4805745,.00839
790,2,.4,700,5,"onboard",1.10e+07,0,144819,696,1,102.6367,693,.311151,.0075278,.4787534,.0090555
792,2,.4,700,5,"onboard",1.10e+07,0,144683,696,1,104.2954,648,.3160267,.006732,.4781868,.0084249
791,2,.4,700,5,"onboard",1.10e+07,0,144884,696,1,105.9783,686,.3151036,.0071548,.4812462,.0084881
793,2,.4,700,5,"both",1.53e+07,0,144419,58683,1,120.4727,649,.2603008,.0071571,.479331,.0084905
794,2,.4,700,5,"both",1.54e+07,0,144653,58639,1,123.2198,648,.2597535,.0066954,.4780601,.0085225
796,2,.4,700,5,"both",1.54e+07,0,145000,58793,1,112.6034,655,.257837,.0068177,.4783321,.0082333
795,2,.4,700,5,"both",1.54e+07,0,144347,58865,1,132.0197,678,.2599736,.0066484,.4802625,.0083412
797,2,.4,700,5,"both",1.54e+07,0,145142,58955,1,121.3363,691,.2588454,.0071083,.4798341,.0082553
798,2,.4,700,5,"both",1.54e+07,0,145091,58795,1,126.8578,654,.2611865,.0069255,.4802506,.0083857
799,2,.4,700,5,"both",1.54e+07,0,144476,58701,1,124.5445,674,.260866,.006967,.4792999,.0083994
801,2,.4,700,5,"both",1.54e+07,0,144418,58842,1,117.5225,650,.2646216,.0066955,.4810308,.0083807
800,2,.4,700,5,"both",1.54e+07,0,144369,58753,1,121.1444,685,.2607139,.0069033,.4779929,.008645
802,2,.4,700,5,"both",1.54e+07,0,144590,58688,1,117.7669,632,.2633323,.0068803,.4816316,.0083477
803,2,.4,700,5,"both",1.54e+07,0,144749,58761,1,119.4616,640,.2651841,.0068639,.4839449,.0086129
804,2,.4,700,5,"both",1.54e+07,0,145049,58814,1,112.9288,668,.2601099,.0070368,.4799415,.0084018
805,2,.4,700,5,"both",1.53e+07,0,144429,58428,1,122.5053,671,.2556197,.0069734,.4745359,.008293
806,2,.4,700,5,"both",1.53e+07,0,144282,58612,1,123.657,677,.2597808,.0068513,.4783829,.0083965
808,2,.4,700,5,"both",1.54e+07,0,145263,58814,1,108.9109,632,.2579008,.0068618,.476559,.0080901
807,2,.4,700,5,"both",1.53e+07,0,144159,58643,1,129.9078,659,.2574885,.0069158,.4779449,.0084069
810,2,.4,700,5,"both",1.54e+07,0,144702,58824,1,119.9247,637,.2618889,.0069975,.4804519,.0085891
811,2,.4,700,5,"both",1.55e+07,0,145615,58978,1,118.3389,649,.2583011,.0072017,.4740252,.0091253
812,2,.4,700,5,"both",1.54e+07,0,144629,58844,1,96.21685,465,.2602403,.0068652,.4778342,.008421
809,2,.4,700,5,"both",1.54e+07,0,144912,58738,1,117.5833,649,.2654274,.006801,.483042,.0082835
813,2,.4,700,5,"both",1.55e+07,0,145838,58911,1,121.0007,602,.2595928,.0072452,.4799632,.0086432
814,2,.4,700,5,"both",1.54e+07,0,145159,58533,1,124.6303,648,.2599897,.0067428,.4791093,.0082158
815,2,.4,700,5,"both",1.54e+07,0,145339,58781,1,123.392,685,.2604346,.0067232,.4799477,.008342
817,2,.4,700,11,"onboard",1.11e+07,1,146499,696,1,81.80634,578,.3616834,.008659,.5051095,.0100878
816,2,.4,700,5,"both",1.53e+07,0,144240,58599,1,116.2337,650,.2587893,.0070558,.4772703,.0087587
818,2,.4,700,11,"onboard",1.11e+07,1,146229,696,1,83.61813,594,.3645824,.008828,.5049254,.0099837
819,2,.4,700,11,"onboard",1.11e+07,3,146115,696,1,80.14637,576,.3581455,.0089066,.5033756,.0099802
820,2,.4,700,11,"onboard",1.12e+07,1,146982,696,1,67.25924,500,.3596182,.0086321,.5010694,.0101974
821,2,.4,700,11,"onboard",1.11e+07,1,146186,696,1,83.73812,580,.3641063,.0085769,.5023274,.0096807
822,2,.4,700,11,"onboard",1.11e+07,0,146707,696,1,85.31526,584,.3568175,.0088029,.5018814,.0102408
823,2,.4,700,11,"onboard",1.11e+07,1,146356,696,1,86.00506,583,.3610853,.0085262,.5040274,.0098445
824,2,.4,700,11,"onboard",1.11e+07,3,145660,696,1,80.99635,599,.3643017,.0087589,.5043298,.0100008
826,2,.4,700,11,"onboard",1.11e+07,1,146360,696,1,85.89658,595,.3576874,.0085293,.5028283,.0098709
825,2,.4,700,11,"onboard",1.11e+07,1,146055,696,1,97.222,634,.3635873,.0080962,.5056785,.0096856
827,2,.4,700,11,"onboard",1.11e+07,3,146154,696,1,70.46133,504,.3673051,.0085498,.5057471,.0103079
828,2,.4,700,11,"onboard",1.11e+07,1,146232,696,1,87.78193,592,.3537501,.0089,.5001152,.0099909
829,2,.4,700,11,"onboard",1.11e+07,3,146075,696,1,86.01118,605,.3584954,.0085855,.5030769,.0097438
830,2,.4,700,11,"onboard",1.11e+07,1,145723,696,1,86.52047,600,.3548979,.0087663,.5010097,.0099844
831,2,.4,700,11,"onboard",1.11e+07,2,146167,696,1,86.39961,600,.3555339,.0085223,.4979907,.0098238
832,2,.4,700,11,"onboard",1.10e+07,3,145531,696,1,78.42138,584,.3544976,.0089293,.4989664,.0100063
833,2,.4,700,11,"onboard",1.11e+07,2,146402,696,1,89.172,600,.3625806,.0089534,.5055995,.0104995
834,2,.4,700,11,"onboard",1.11e+07,3,146064,696,1,88.36132,624,.3585199,.0086125,.5022454,.009921
835,2,.4,700,11,"onboard",1.11e+07,2,146382,696,1,81.71338,575,.3628943,.0084445,.5054733,.0099303
837,2,.4,700,11,"onboard",1.11e+07,2,146349,696,1,87.17537,608,.3634491,.0085568,.5044093,.0098014
838,2,.4,700,11,"onboard",1.11e+07,1,145958,696,1,85.35086,667,.3639539,.0086163,.5047866,.0101654
836,2,.4,700,11,"onboard",1.10e+07,3,144828,696,1,93.1608,599,.365268,.0086835,.5061493,.0099461
839,2,.4,700,11,"onboard",1.11e+07,2,145974,696,1,86.35551,580,.3634435,.0086878,.5046661,.0099109
840,2,.4,700,11,"onboard",1.10e+07,3,145843,696,1,86.68288,584,.3635781,.0088409,.5049331,.0098342
841,2,.4,700,11,"both",1.55e+07,0,146227,59150,1,100.0332,565,.2987901,.0077455,.5062508,.0101615
842,2,.4,700,11,"both",1.55e+07,0,146141,59399,1,112.7127,632,.2990198,.0076478,.5053053,.009881
843,2,.4,700,11,"both",1.55e+07,0,146170,59363,1,124.9602,884,.2911199,.0076029,.5063778,.0097909
844,2,.4,700,11,"both",1.56e+07,0,146588,59064,1,106.5731,618,.2924845,.0075993,.5020805,.009828
845,2,.4,700,11,"both",1.55e+07,0,146157,59394,1,112.9711,629,.2941387,.0076036,.5034638,.0102417
846,2,.4,700,11,"both",1.55e+07,0,146213,59120,1,110.8253,629,.2891291,.0076426,.4983257,.0098142
847,2,.4,700,11,"both",1.56e+07,0,146571,59407,1,111.8872,588,.295113,.0077817,.5053521,.0102612
849,2,.4,700,11,"both",1.56e+07,0,146620,59170,1,101.2835,584,.2908117,.0076166,.4995075,.0101639
848,2,.4,700,11,"both",1.55e+07,0,146251,59182,1,113.9862,627,.293556,.0076819,.5044375,.0100618
850,2,.4,700,11,"both",1.55e+07,0,146201,59144,1,111.055,597,.2918016,.007538,.5007555,.0098158
851,2,.4,700,11,"both",1.55e+07,0,146671,59057,1,107.3591,591,.2897388,.0078885,.500658,.0104692
852,2,.4,700,11,"both",1.55e+07,0,145827,59134,1,112.2426,602,.2959448,.0074246,.5061151,.0098469
853,2,.4,700,11,"both",1.56e+07,0,146872,59016,1,104.3438,578,.2946637,.0077888,.5038497,.0105777
855,2,.4,700,11,"both",1.55e+07,0,146419,59126,1,109.4157,592,.2890351,.0076656,.501671,.0099343
856,2,.4,700,11,"both",1.56e+07,0,146794,59152,1,97.11241,493,.2936249,.0074822,.5034981,.0098347
857,2,.4,700,11,"both",1.55e+07,0,146476,59237,1,121.9419,622,.2919035,.0076247,.5015801,.0098352
854,2,.4,700,11,"both",1.56e+07,0,146912,59438,1,112.7634,613,.2907466,.0077223,.5000201,.0101149
858,2,.4,700,11,"both",1.55e+07,0,146017,59021,1,111.7996,577,.2891572,.0076364,.4989913,.0100806
859,2,.4,700,11,"both",1.55e+07,0,145686,59290,1,109.1123,612,.290642,.0077088,.5014129,.0100723
860,2,.4,700,11,"both",1.56e+07,0,147366,59320,1,106.1842,586,.2946241,.007556,.5065301,.0097528
861,2,.4,700,11,"both",1.55e+07,0,145825,59247,1,108.3416,574,.3007755,.0075686,.5087466,.0100279
862,2,.4,700,11,"both",1.56e+07,0,146965,59220,1,107.637,612,.2960652,.0076834,.506304,.0100359
863,2,.4,700,11,"both",1.55e+07,0,146104,59212,1,112.7461,618,.2914691,.0077991,.5026529,.0097573
864,2,.4,700,11,"both",1.56e+07,0,146663,59310,1,110.9097,606,.2956764,.0077008,.5047002,.0100249
